X,Y,Status,Sector
483,63,GOOD,Edge
497,63,DEFECT,Edge
511,63,GOOD,Edge
525,63,GOOD,Edge
539,63,GOOD,Edge
553,63,GOOD,Edge
567,63,GOOD,Edge
581,63,GOOD,Edge
595,63,GOOD,Edge
609,63,GOOD,Edge
623,63,GOOD,Edge
637,63,GOOD,Edge
651,63,GOOD,Edge
665,63,GOOD,Edge
679,63,GOOD,Edge
693,63,GOOD,Edge
707,63,GOOD,Edge
441,77,GOOD,Edge
455,77,GOOD,Edge
469,77,GOOD,Edge
483,77,GOOD,Edge
497,77,GOOD,Edge
511,77,GOOD,Edge
525,77,GOOD,Edge
539,77,GOOD,Edge
553,77,GOOD,Edge
567,77,GOOD,Edge
581,77,GOOD,Edge
595,77,GOOD,Edge
609,77,GOOD,Edge
623,77,GOOD,Edge
637,77,GOOD,Edge
651,77,GOOD,Edge
665,77,GOOD,Edge
679,77,GOOD,Edge
693,77,GOOD,Edge
707,77,GOOD,Edge
721,77,GOOD,Edge
735,77,GOOD,Edge
749,77,GOOD,Edge
763,77,GOOD,Edge
399,91,GOOD,Edge
413,91,GOOD,Edge
427,91,GOOD,Edge
441,91,GOOD,Edge
455,91,GOOD,Edge
469,91,GOOD,Edge
483,91,GOOD,Edge
497,91,GOOD,Edge
511,91,GOOD,Edge
525,91,GOOD,Edge
539,91,GOOD,Edge
553,91,GOOD,Edge
567,91,GOOD,Edge
581,91,GOOD,Edge
595,91,GOOD,Edge
609,91,GOOD,Edge
623,91,GOOD,Edge
637,91,GOOD,Edge
651,91,GOOD,Edge
665,91,GOOD,Edge
679,91,GOOD,Edge
693,91,GOOD,Edge
707,91,GOOD,Edge
721,91,GOOD,Edge
735,91,GOOD,Edge
749,91,GOOD,Edge
763,91,GOOD,Edge
777,91,GOOD,Edge
791,91,GOOD,Edge
805,91,GOOD,Edge
371,105,GOOD,Edge
385,105,GOOD,Edge
399,105,GOOD,Edge
413,105,GOOD,Edge
427,105,GOOD,Edge
441,105,GOOD,Edge
455,105,GOOD,Edge
469,105,GOOD,Edge
483,105,GOOD,Edge
497,105,GOOD,Edge
511,105,GOOD,Edge
525,105,GOOD,Edge
539,105,GOOD,Edge
553,105,GOOD,Edge
567,105,GOOD,Edge
581,105,GOOD,Edge
595,105,GOOD,Edge
609,105,GOOD,Edge
623,105,GOOD,Edge
637,105,GOOD,Edge
651,105,GOOD,Edge
665,105,GOOD,Edge
679,105,GOOD,Edge
693,105,GOOD,Edge
707,105,GOOD,Edge
721,105,GOOD,Edge
735,105,GOOD,Edge
749,105,GOOD,Edge
763,105,GOOD,Edge
777,105,GOOD,Edge
791,105,GOOD,Edge
805,105,GOOD,Edge
819,105,GOOD,Edge
833,105,GOOD,Edge
343,119,GOOD,Edge
357,119,GOOD,Edge
371,119,GOOD,Edge
385,119,GOOD,Edge
399,119,GOOD,Edge
413,119,GOOD,Edge
427,119,GOOD,Edge
441,119,GOOD,Edge
455,119,GOOD,Edge
469,119,GOOD,Edge
483,119,GOOD,Edge
497,119,GOOD,Edge
511,119,GOOD,Edge
525,119,GOOD,Edge
539,119,DEFECT,Edge
553,119,DEFECT,Edge
567,119,GOOD,Edge
581,119,GOOD,Edge
595,119,GOOD,Edge
609,119,GOOD,Edge
623,119,GOOD,Edge
637,119,GOOD,Edge
651,119,GOOD,Edge
665,119,GOOD,Edge
679,119,GOOD,Edge
693,119,GOOD,Edge
707,119,GOOD,Edge
721,119,GOOD,Edge
735,119,GOOD,Edge
749,119,GOOD,Edge
763,119,GOOD,Edge
777,119,GOOD,Edge
791,119,GOOD,Edge
805,119,GOOD,Edge
819,119,GOOD,Edge
833,119,GOOD,Edge
847,119,GOOD,Edge
861,119,GOOD,Edge
315,133,GOOD,Edge
329,133,GOOD,Edge
343,133,GOOD,Edge
357,133,GOOD,Edge
371,133,GOOD,Edge
385,133,GOOD,Edge
399,133,GOOD,Edge
413,133,GOOD,Edge
427,133,GOOD,Edge
441,133,GOOD,Edge
455,133,GOOD,Edge
469,133,GOOD,Edge
483,133,GOOD,Edge
497,133,GOOD,Edge
511,133,GOOD,Edge
525,133,GOOD,Edge
539,133,DEFECT,Edge
553,133,GOOD,Top
567,133,GOOD,Top
581,133,GOOD,Top
595,133,GOOD,Top
609,133,GOOD,Top
623,133,GOOD,Top
637,133,GOOD,Top
651,133,GOOD,Top
665,133,GOOD,Edge
679,133,GOOD,Edge
693,133,GOOD,Edge
707,133,GOOD,Edge
721,133,GOOD,Edge
735,133,GOOD,Edge
749,133,GOOD,Edge
763,133,GOOD,Edge
777,133,GOOD,Edge
791,133,GOOD,Edge
805,133,GOOD,Edge
819,133,GOOD,Edge
833,133,GOOD,Edge
847,133,GOOD,Edge
861,133,GOOD,Edge
875,133,GOOD,Edge
889,133,GOOD,Edge
301,147,GOOD,Edge
315,147,GOOD,Edge
329,147,GOOD,Edge
343,147,GOOD,Edge
357,147,GOOD,Edge
371,147,GOOD,Edge
385,147,GOOD,Edge
399,147,GOOD,Edge
413,147,GOOD,Edge
427,147,GOOD,Edge
441,147,GOOD,Edge
455,147,GOOD,Edge
469,147,GOOD,Edge
483,147,GOOD,Top
497,147,GOOD,Top
511,147,GOOD,Top
525,147,GOOD,Top
539,147,GOOD,Top
553,147,GOOD,Top
567,147,GOOD,Top
581,147,GOOD,Top
595,147,GOOD,Top
609,147,GOOD,Top
623,147,GOOD,Top
637,147,GOOD,Top
651,147,GOOD,Top
665,147,GOOD,Top
679,147,GOOD,Top
693,147,GOOD,Top
707,147,GOOD,Top
721,147,GOOD,Top
735,147,GOOD,Edge
749,147,GOOD,Edge
763,147,GOOD,Edge
777,147,GOOD,Edge
791,147,GOOD,Edge
805,147,GOOD,Edge
819,147,DEFECT,Edge
833,147,DEFECT,Edge
847,147,GOOD,Edge
861,147,DEFECT,Edge
875,147,DEFECT,Edge
889,147,GOOD,Edge
903,147,GOOD,Edge
273,161,GOOD,Edge
287,161,GOOD,Edge
301,161,GOOD,Edge
315,161,DEFECT,Edge
329,161,GOOD,Edge
343,161,GOOD,Edge
357,161,GOOD,Edge
371,161,GOOD,Edge
385,161,GOOD,Edge
399,161,GOOD,Edge
413,161,GOOD,Edge
427,161,GOOD,Edge
441,161,GOOD,Top
455,161,GOOD,Top
469,161,GOOD,Top
483,161,GOOD,Top
497,161,GOOD,Top
511,161,GOOD,Top
525,161,GOOD,Top
539,161,GOOD,Top
553,161,GOOD,Top
567,161,GOOD,Top
581,161,GOOD,Top
595,161,GOOD,Top
609,161,GOOD,Top
623,161,GOOD,Top
637,161,GOOD,Top
651,161,GOOD,Top
665,161,GOOD,Top
679,161,GOOD,Top
693,161,GOOD,Top
707,161,GOOD,Top
721,161,GOOD,Top
735,161,GOOD,Top
749,161,GOOD,Top
763,161,GOOD,Top
777,161,GOOD,Edge
791,161,GOOD,Edge
805,161,GOOD,Edge
819,161,DEFECT,Edge
833,161,GOOD,Edge
847,161,GOOD,Edge
861,161,DEFECT,Edge
875,161,GOOD,Edge
889,161,GOOD,Edge
903,161,GOOD,Edge
917,161,GOOD,Edge
931,161,GOOD,Edge
259,175,GOOD,Edge
273,175,GOOD,Edge
287,175,GOOD,Edge
301,175,DEFECT,Edge
315,175,DEFECT,Edge
329,175,GOOD,Edge
343,175,GOOD,Edge
357,175,GOOD,Edge
371,175,GOOD,Edge
385,175,GOOD,Edge
399,175,GOOD,Edge
413,175,GOOD,Top
427,175,GOOD,Top
441,175,GOOD,Top
455,175,GOOD,Top
469,175,GOOD,Top
483,175,GOOD,Top
497,175,GOOD,Top
511,175,GOOD,Top
525,175,GOOD,Top
539,175,GOOD,Top
553,175,GOOD,Top
567,175,GOOD,Top
581,175,GOOD,Top
595,175,GOOD,Top
609,175,GOOD,Top
623,175,GOOD,Top
637,175,GOOD,Top
651,175,GOOD,Top
665,175,GOOD,Top
679,175,GOOD,Top
693,175,GOOD,Top
707,175,GOOD,Top
721,175,GOOD,Top
735,175,GOOD,Top
749,175,GOOD,Top
763,175,GOOD,Top
777,175,GOOD,Top
791,175,GOOD,Top
805,175,GOOD,Edge
819,175,GOOD,Edge
833,175,GOOD,Edge
847,175,GOOD,Edge
861,175,GOOD,Edge
875,175,GOOD,Edge
889,175,GOOD,Edge
903,175,GOOD,Edge
917,175,GOOD,Edge
931,175,GOOD,Edge
945,175,GOOD,Edge
245,189,GOOD,Edge
259,189,GOOD,Edge
273,189,GOOD,Edge
287,189,GOOD,Edge
301,189,DEFECT,Edge
315,189,DEFECT,Edge
329,189,GOOD,Edge
343,189,GOOD,Edge
357,189,GOOD,Edge
371,189,GOOD,Edge
385,189,GOOD,Top
399,189,GOOD,Top
413,189,GOOD,Top
427,189,GOOD,Top
441,189,GOOD,Top
455,189,GOOD,Top
469,189,GOOD,Top
483,189,GOOD,Top
497,189,GOOD,Top
511,189,GOOD,Top
525,189,GOOD,Top
539,189,GOOD,Top
553,189,GOOD,Top
567,189,GOOD,Top
581,189,GOOD,Top
595,189,GOOD,Top
609,189,GOOD,Top
623,189,GOOD,Top
637,189,GOOD,Top
651,189,GOOD,Top
665,189,GOOD,Top
679,189,GOOD,Top
693,189,GOOD,Top
707,189,GOOD,Top
721,189,GOOD,Top
735,189,GOOD,Top
749,189,GOOD,Top
763,189,GOOD,Top
777,189,GOOD,Top
791,189,GOOD,Top
805,189,GOOD,Top
819,189,GOOD,Top
833,189,GOOD,Edge
847,189,GOOD,Edge
861,189,GOOD,Edge
875,189,GOOD,Edge
889,189,GOOD,Edge
903,189,GOOD,Edge
917,189,GOOD,Edge
931,189,GOOD,Edge
945,189,GOOD,Edge
959,189,GOOD,Edge
231,203,GOOD,Edge
245,203,GOOD,Edge
259,203,GOOD,Edge
273,203,GOOD,Edge
287,203,GOOD,Edge
301,203,GOOD,Edge
315,203,DEFECT,Edge
329,203,GOOD,Edge
343,203,GOOD,Edge
357,203,GOOD,Top
371,203,GOOD,Top
385,203,GOOD,Top
399,203,GOOD,Top
413,203,GOOD,Top
427,203,GOOD,Top
441,203,GOOD,Top
455,203,GOOD,Top
469,203,GOOD,Top
483,203,GOOD,Top
497,203,GOOD,Top
511,203,GOOD,Top
525,203,GOOD,Top
539,203,GOOD,Top
553,203,GOOD,Top
567,203,GOOD,Top
581,203,GOOD,Top
595,203,GOOD,Top
609,203,GOOD,Top
623,203,GOOD,Top
637,203,GOOD,Top
651,203,GOOD,Top
665,203,GOOD,Top
679,203,GOOD,Top
693,203,GOOD,Top
707,203,GOOD,Top
721,203,GOOD,Top
735,203,GOOD,Top
749,203,GOOD,Top
763,203,GOOD,Top
777,203,GOOD,Top
791,203,GOOD,Top
805,203,GOOD,Top
819,203,GOOD,Top
833,203,GOOD,Top
847,203,GOOD,Top
861,203,GOOD,Edge
875,203,GOOD,Edge
889,203,GOOD,Edge
903,203,GOOD,Edge
917,203,GOOD,Edge
931,203,GOOD,Edge
945,203,GOOD,Edge
959,203,GOOD,Edge
973,203,GOOD,Edge
217,217,GOOD,Edge
231,217,GOOD,Edge
245,217,GOOD,Edge
259,217,GOOD,Edge
273,217,GOOD,Edge
287,217,GOOD,Edge
301,217,GOOD,Edge
315,217,GOOD,Edge
329,217,GOOD,Top
343,217,GOOD,Top
357,217,DEFECT,Top
371,217,DEFECT,Top
385,217,GOOD,Top
399,217,GOOD,Top
413,217,GOOD,Top
427,217,GOOD,Top
441,217,GOOD,Top
455,217,GOOD,Top
469,217,GOOD,Top
483,217,GOOD,Top
497,217,GOOD,Top
511,217,GOOD,Top
525,217,GOOD,Top
539,217,GOOD,Top
553,217,GOOD,Top
567,217,GOOD,Top
581,217,GOOD,Top
595,217,GOOD,Top
609,217,GOOD,Top
623,217,GOOD,Top
637,217,GOOD,Top
651,217,GOOD,Top
665,217,GOOD,Top
679,217,GOOD,Top
693,217,GOOD,Top
707,217,GOOD,Top
721,217,GOOD,Top
735,217,GOOD,Top
749,217,GOOD,Top
763,217,GOOD,Top
777,217,GOOD,Top
791,217,GOOD,Top
805,217,GOOD,Top
819,217,GOOD,Top
833,217,GOOD,Top
847,217,GOOD,Top
861,217,GOOD,Top
875,217,GOOD,Edge
889,217,GOOD,Edge
903,217,GOOD,Edge
917,217,GOOD,Edge
931,217,GOOD,Edge
945,217,GOOD,Edge
959,217,GOOD,Edge
973,217,GOOD,Edge
987,217,GOOD,Edge
203,231,GOOD,Edge
217,231,GOOD,Edge
231,231,GOOD,Edge
245,231,GOOD,Edge
259,231,GOOD,Edge
273,231,GOOD,Edge
287,231,GOOD,Edge
301,231,GOOD,Edge
315,231,GOOD,Top
329,231,GOOD,Top
343,231,GOOD,Top
357,231,GOOD,Top
371,231,GOOD,Top
385,231,GOOD,Top
399,231,GOOD,Top
413,231,GOOD,Top
427,231,GOOD,Top
441,231,GOOD,Top
455,231,GOOD,Top
469,231,GOOD,Top
483,231,GOOD,Top
497,231,GOOD,Top
511,231,GOOD,Top
525,231,GOOD,Top
539,231,GOOD,Top
553,231,GOOD,Top
567,231,GOOD,Top
581,231,GOOD,Top
595,231,GOOD,Top
609,231,GOOD,Top
623,231,GOOD,Top
637,231,GOOD,Top
651,231,DEFECT,Top
665,231,DEFECT,Top
679,231,GOOD,Top
693,231,GOOD,Top
707,231,GOOD,Top
721,231,GOOD,Top
735,231,GOOD,Top
749,231,GOOD,Top
763,231,GOOD,Top
777,231,GOOD,Top
791,231,GOOD,Top
805,231,GOOD,Top
819,231,GOOD,Top
833,231,GOOD,Top
847,231,GOOD,Top
861,231,GOOD,Top
875,231,GOOD,Top
889,231,GOOD,Top
903,231,GOOD,Edge
917,231,GOOD,Edge
931,231,DEFECT,Edge
945,231,GOOD,Edge
959,231,GOOD,Edge
973,231,GOOD,Edge
987,231,GOOD,Edge
1001,231,GOOD,Edge
189,245,GOOD,Edge
203,245,GOOD,Edge
217,245,GOOD,Edge
231,245,GOOD,Edge
245,245,GOOD,Edge
259,245,GOOD,Edge
273,245,GOOD,Edge
287,245,GOOD,Edge
301,245,GOOD,Top
315,245,GOOD,Top
329,245,GOOD,Top
343,245,GOOD,Top
357,245,GOOD,Top
371,245,GOOD,Top
385,245,GOOD,Top
399,245,GOOD,Top
413,245,GOOD,Top
427,245,GOOD,Top
441,245,GOOD,Top
455,245,GOOD,Top
469,245,GOOD,Top
483,245,GOOD,Top
497,245,GOOD,Top
511,245,GOOD,Top
525,245,GOOD,Top
539,245,GOOD,Top
553,245,GOOD,Top
567,245,GOOD,Top
581,245,GOOD,Top
595,245,GOOD,Top
609,245,GOOD,Top
623,245,GOOD,Top
637,245,GOOD,Top
651,245,DEFECT,Top
665,245,DEFECT,Top
679,245,GOOD,Top
693,245,GOOD,Top
707,245,GOOD,Top
721,245,GOOD,Top
735,245,GOOD,Top
749,245,GOOD,Top
763,245,GOOD,Top
777,245,GOOD,Top
791,245,GOOD,Top
805,245,GOOD,Top
819,245,GOOD,Top
833,245,GOOD,Top
847,245,GOOD,Top
861,245,GOOD,Top
875,245,GOOD,Top
889,245,GOOD,Top
903,245,GOOD,Top
917,245,GOOD,Edge
931,245,DEFECT,Edge
945,245,DEFECT,Edge
959,245,GOOD,Edge
973,245,GOOD,Edge
987,245,GOOD,Edge
1001,245,GOOD,Edge
1015,245,GOOD,Edge
175,259,GOOD,Edge
189,259,GOOD,Edge
203,259,GOOD,Edge
217,259,GOOD,Edge
231,259,GOOD,Edge
245,259,GOOD,Edge
259,259,GOOD,Edge
273,259,GOOD,Edge
287,259,GOOD,Top
301,259,GOOD,Top
315,259,GOOD,Top
329,259,GOOD,Top
343,259,GOOD,Top
357,259,GOOD,Top
371,259,GOOD,Top
385,259,GOOD,Top
399,259,GOOD,Top
413,259,GOOD,Top
427,259,GOOD,Top
441,259,DEFECT,Top
455,259,DEFECT,Top
469,259,GOOD,Top
483,259,GOOD,Top
497,259,GOOD,Top
511,259,GOOD,Top
525,259,GOOD,Top
539,259,GOOD,Top
553,259,GOOD,Top
567,259,GOOD,Top
581,259,GOOD,Top
595,259,GOOD,Top
609,259,GOOD,Top
623,259,GOOD,Top
637,259,GOOD,Top
651,259,GOOD,Top
665,259,GOOD,Top
679,259,GOOD,Top
693,259,GOOD,Top
707,259,GOOD,Top
721,259,GOOD,Top
735,259,GOOD,Top
749,259,GOOD,Top
763,259,GOOD,Top
777,259,GOOD,Top
791,259,GOOD,Top
805,259,GOOD,Top
819,259,GOOD,Top
833,259,GOOD,Top
847,259,GOOD,Top
861,259,GOOD,Top
875,259,GOOD,Top
889,259,GOOD,Top
903,259,GOOD,Top
917,259,GOOD,Top
931,259,GOOD,Edge
945,259,GOOD,Edge
959,259,GOOD,Edge
973,259,GOOD,Edge
987,259,GOOD,Edge
1001,259,GOOD,Edge
1015,259,GOOD,Edge
1029,259,GOOD,Edge
161,273,GOOD,Edge
175,273,GOOD,Edge
189,273,GOOD,Edge
203,273,GOOD,Edge
217,273,GOOD,Edge
231,273,GOOD,Edge
245,273,GOOD,Edge
259,273,GOOD,Edge
273,273,GOOD,Top
287,273,GOOD,Top
301,273,GOOD,Top
315,273,GOOD,Top
329,273,GOOD,Top
343,273,GOOD,Top
357,273,GOOD,Top
371,273,GOOD,Top
385,273,GOOD,Top
399,273,GOOD,Top
413,273,GOOD,Top
427,273,GOOD,Top
441,273,DEFECT,Top
455,273,DEFECT,Top
469,273,GOOD,Top
483,273,GOOD,Top
497,273,GOOD,Top
511,273,GOOD,Top
525,273,GOOD,Top
539,273,GOOD,Top
553,273,GOOD,Top
567,273,GOOD,Top
581,273,GOOD,Top
595,273,GOOD,Top
609,273,GOOD,Top
623,273,GOOD,Top
637,273,GOOD,Top
651,273,GOOD,Top
665,273,GOOD,Top
679,273,GOOD,Top
693,273,GOOD,Top
707,273,GOOD,Top
721,273,GOOD,Top
735,273,GOOD,Top
749,273,GOOD,Top
763,273,GOOD,Top
777,273,GOOD,Top
791,273,GOOD,Top
805,273,GOOD,Top
819,273,GOOD,Top
833,273,GOOD,Top
847,273,GOOD,Top
861,273,GOOD,Top
875,273,GOOD,Top
889,273,GOOD,Top
903,273,GOOD,Top
917,273,GOOD,Top
931,273,GOOD,Top
945,273,GOOD,Edge
959,273,GOOD,Edge
973,273,GOOD,Edge
987,273,GOOD,Edge
1001,273,GOOD,Edge
1015,273,GOOD,Edge
1029,273,GOOD,Edge
161,287,GOOD,Edge
175,287,GOOD,Edge
189,287,GOOD,Edge
203,287,GOOD,Edge
217,287,DEFECT,Edge
231,287,DEFECT,Edge
245,287,GOOD,Edge
259,287,GOOD,Top
273,287,GOOD,Top
287,287,DEFECT,Top
301,287,DEFECT,Top
315,287,GOOD,Top
329,287,GOOD,Top
343,287,GOOD,Top
357,287,GOOD,Top
371,287,GOOD,Top
385,287,GOOD,Top
399,287,GOOD,Top
413,287,GOOD,Top
427,287,GOOD,Top
441,287,GOOD,Top
455,287,GOOD,Top
469,287,GOOD,Top
483,287,GOOD,Top
497,287,GOOD,Top
511,287,GOOD,Top
525,287,GOOD,Top
539,287,GOOD,Top
553,287,GOOD,Top
567,287,GOOD,Top
581,287,GOOD,Top
595,287,GOOD,Top
609,287,GOOD,Top
623,287,GOOD,Top
637,287,GOOD,Top
651,287,GOOD,Top
665,287,GOOD,Top
679,287,GOOD,Top
693,287,GOOD,Top
707,287,GOOD,Top
721,287,GOOD,Top
735,287,GOOD,Top
749,287,GOOD,Top
763,287,DEFECT,Top
777,287,DEFECT,Top
791,287,GOOD,Top
805,287,GOOD,Top
819,287,GOOD,Top
833,287,GOOD,Top
847,287,GOOD,Top
861,287,GOOD,Top
875,287,GOOD,Top
889,287,GOOD,Top
903,287,GOOD,Top
917,287,GOOD,Top
931,287,GOOD,Top
945,287,GOOD,Top
959,287,GOOD,Edge
973,287,GOOD,Edge
987,287,GOOD,Edge
1001,287,GOOD,Edge
1015,287,GOOD,Edge
1029,287,GOOD,Edge
1043,287,GOOD,Edge
147,301,GOOD,Edge
161,301,GOOD,Edge
175,301,GOOD,Edge
189,301,GOOD,Edge
203,301,GOOD,Edge
217,301,GOOD,Edge
231,301,GOOD,Edge
245,301,GOOD,Top
259,301,GOOD,Top
273,301,GOOD,Top
287,301,GOOD,Top
301,301,GOOD,Top
315,301,GOOD,Top
329,301,GOOD,Top
343,301,GOOD,Top
357,301,GOOD,Top
371,301,GOOD,Top
385,301,DEFECT,Top
399,301,GOOD,Top
413,301,GOOD,Top
427,301,GOOD,Top
441,301,GOOD,Top
455,301,GOOD,Top
469,301,GOOD,Top
483,301,GOOD,Top
497,301,GOOD,Top
511,301,GOOD,Top
525,301,GOOD,Top
539,301,GOOD,Top
553,301,GOOD,Top
567,301,DEFECT,Top
581,301,GOOD,Top
595,301,GOOD,Top
609,301,GOOD,Top
623,301,GOOD,Top
637,301,GOOD,Top
651,301,GOOD,Top
665,301,GOOD,Top
679,301,GOOD,Top
693,301,GOOD,Top
707,301,GOOD,Top
721,301,GOOD,Top
735,301,GOOD,Top
749,301,GOOD,Top
763,301,GOOD,Top
777,301,GOOD,Top
791,301,GOOD,Top
805,301,GOOD,Top
819,301,GOOD,Top
833,301,GOOD,Top
847,301,GOOD,Top
861,301,GOOD,Top
875,301,GOOD,Top
889,301,GOOD,Top
903,301,GOOD,Top
917,301,GOOD,Top
931,301,GOOD,Top
945,301,GOOD,Top
959,301,GOOD,Top
973,301,GOOD,Edge
987,301,GOOD,Edge
1001,301,GOOD,Edge
1015,301,GOOD,Edge
1029,301,GOOD,Edge
1043,301,GOOD,Edge
1057,301,GOOD,Edge
133,315,GOOD,Edge
147,315,GOOD,Edge
161,315,GOOD,Edge
175,315,GOOD,Edge
189,315,GOOD,Edge
203,315,GOOD,Edge
217,315,GOOD,Edge
231,315,GOOD,Top
245,315,GOOD,Top
259,315,GOOD,Top
273,315,GOOD,Top
287,315,GOOD,Top
301,315,GOOD,Top
315,315,GOOD,Top
329,315,GOOD,Top
343,315,GOOD,Top
357,315,GOOD,Top
371,315,DEFECT,Top
385,315,DEFECT,Top
399,315,GOOD,Top
413,315,GOOD,Top
427,315,GOOD,Top
441,315,GOOD,Top
455,315,GOOD,Top
469,315,GOOD,Top
483,315,GOOD,Top
497,315,GOOD,Top
511,315,GOOD,Top
525,315,GOOD,Top
539,315,GOOD,Top
553,315,GOOD,Top
567,315,DEFECT,Top
581,315,GOOD,Top
595,315,GOOD,Top
609,315,GOOD,Top
623,315,GOOD,Top
637,315,GOOD,Top
651,315,GOOD,Top
665,315,GOOD,Top
679,315,GOOD,Top
693,315,GOOD,Top
707,315,GOOD,Top
721,315,GOOD,Top
735,315,GOOD,Top
749,315,GOOD,Top
763,315,GOOD,Top
777,315,GOOD,Top
791,315,GOOD,Top
805,315,GOOD,Top
819,315,GOOD,Top
833,315,GOOD,Top
847,315,GOOD,Top
861,315,GOOD,Top
875,315,GOOD,Top
889,315,GOOD,Top
903,315,GOOD,Top
917,315,GOOD,Top
931,315,GOOD,Top
945,315,GOOD,Top
959,315,GOOD,Top
973,315,GOOD,Top
987,315,GOOD,Edge
1001,315,GOOD,Edge
1015,315,GOOD,Edge
1029,315,GOOD,Edge
1043,315,GOOD,Edge
1057,315,GOOD,Edge
133,329,GOOD,Edge
147,329,GOOD,Edge
161,329,GOOD,Edge
175,329,GOOD,Edge
189,329,GOOD,Edge
203,329,GOOD,Edge
217,329,GOOD,Top
231,329,GOOD,Top
245,329,GOOD,Top
259,329,GOOD,Top
273,329,GOOD,Top
287,329,GOOD,Top
301,329,GOOD,Top
315,329,GOOD,Top
329,329,GOOD,Top
343,329,GOOD,Top
357,329,GOOD,Top
371,329,GOOD,Top
385,329,GOOD,Top
399,329,DEFECT,Top
413,329,DEFECT,Top
427,329,GOOD,Top
441,329,GOOD,Top
455,329,GOOD,Top
469,329,GOOD,Top
483,329,GOOD,Top
497,329,GOOD,Top
511,329,GOOD,Top
525,329,GOOD,Top
539,329,GOOD,Top
553,329,GOOD,Top
567,329,GOOD,Top
581,329,GOOD,Top
595,329,GOOD,Top
609,329,GOOD,Top
623,329,GOOD,Top
637,329,GOOD,Top
651,329,GOOD,Top
665,329,GOOD,Top
679,329,GOOD,Top
693,329,GOOD,Top
707,329,GOOD,Top
721,329,GOOD,Top
735,329,GOOD,Top
749,329,GOOD,Top
763,329,GOOD,Top
777,329,GOOD,Top
791,329,GOOD,Top
805,329,GOOD,Top
819,329,GOOD,Top
833,329,GOOD,Top
847,329,GOOD,Top
861,329,GOOD,Top
875,329,GOOD,Top
889,329,GOOD,Top
903,329,GOOD,Top
917,329,GOOD,Top
931,329,GOOD,Top
945,329,GOOD,Top
959,329,GOOD,Top
973,329,GOOD,Top
987,329,GOOD,Edge
1001,329,GOOD,Edge
1015,329,GOOD,Edge
1029,329,GOOD,Edge
1043,329,GOOD,Edge
1057,329,GOOD,Edge
1071,329,GOOD,Edge
119,343,GOOD,Edge
133,343,GOOD,Edge
147,343,GOOD,Edge
161,343,GOOD,Edge
175,343,DEFECT,Edge
189,343,DEFECT,Edge
203,343,GOOD,Edge
217,343,GOOD,Top
231,343,GOOD,Top
245,343,GOOD,Top
259,343,GOOD,Top
273,343,GOOD,Top
287,343,GOOD,Top
301,343,GOOD,Top
315,343,GOOD,Top
329,343,GOOD,Top
343,343,GOOD,Top
357,343,GOOD,Top
371,343,GOOD,Top
385,343,GOOD,Top
399,343,DEFECT,Top
413,343,DEFECT,Top
427,343,GOOD,Top
441,343,GOOD,Top
455,343,GOOD,Top
469,343,GOOD,Top
483,343,GOOD,Top
497,343,GOOD,Top
511,343,GOOD,Top
525,343,GOOD,Top
539,343,GOOD,Top
553,343,GOOD,Top
567,343,GOOD,Top
581,343,GOOD,Top
595,343,GOOD,Top
609,343,GOOD,Top
623,343,GOOD,Top
637,343,GOOD,Top
651,343,GOOD,Top
665,343,GOOD,Top
679,343,GOOD,Top
693,343,GOOD,Top
707,343,GOOD,Top
721,343,GOOD,Top
735,343,GOOD,Top
749,343,GOOD,Top
763,343,GOOD,Top
777,343,GOOD,Top
791,343,GOOD,Top
805,343,GOOD,Top
819,343,GOOD,Top
833,343,GOOD,Top
847,343,GOOD,Top
861,343,GOOD,Top
875,343,GOOD,Top
889,343,GOOD,Top
903,343,GOOD,Top
917,343,GOOD,Top
931,343,GOOD,Top
945,343,GOOD,Top
959,343,GOOD,Top
973,343,GOOD,Top
987,343,GOOD,Top
1001,343,GOOD,Edge
1015,343,GOOD,Edge
1029,343,GOOD,Edge
1043,343,GOOD,Edge
1057,343,GOOD,Edge
1071,343,GOOD,Edge
1085,343,GOOD,Edge
119,357,GOOD,Edge
133,357,GOOD,Edge
147,357,GOOD,Edge
161,357,DEFECT,Edge
175,357,DEFECT,Edge
189,357,DEFECT,Edge
203,357,DEFECT,Top
217,357,GOOD,Top
231,357,GOOD,Top
245,357,GOOD,Top
259,357,GOOD,Top
273,357,GOOD,Top
287,357,GOOD,Top
301,357,GOOD,Top
315,357,GOOD,Top
329,357,GOOD,Top
343,357,GOOD,Top
357,357,GOOD,Top
371,357,GOOD,Top
385,357,GOOD,Top
399,357,GOOD,Top
413,357,GOOD,Top
427,357,GOOD,Top
441,357,GOOD,Top
455,357,GOOD,Top
469,357,GOOD,Top
483,357,GOOD,Top
497,357,GOOD,Top
511,357,GOOD,Top
525,357,GOOD,Top
539,357,GOOD,Top
553,357,GOOD,Top
567,357,GOOD,Top
581,357,GOOD,Top
595,357,GOOD,Top
609,357,GOOD,Top
623,357,GOOD,Top
637,357,GOOD,Top
651,357,GOOD,Top
665,357,GOOD,Top
679,357,GOOD,Top
693,357,GOOD,Top
707,357,GOOD,Top
721,357,GOOD,Top
735,357,GOOD,Top
749,357,GOOD,Top
763,357,GOOD,Top
777,357,GOOD,Top
791,357,GOOD,Top
805,357,GOOD,Top
819,357,GOOD,Top
833,357,GOOD,Top
847,357,GOOD,Top
861,357,GOOD,Top
875,357,GOOD,Top
889,357,GOOD,Top
903,357,GOOD,Top
917,357,GOOD,Top
931,357,GOOD,Top
945,357,GOOD,Top
959,357,GOOD,Top
973,357,GOOD,Top
987,357,GOOD,Top
1001,357,GOOD,Top
1015,357,GOOD,Edge
1029,357,GOOD,Edge
1043,357,DEFECT,Edge
1057,357,DEFECT,Edge
1071,357,GOOD,Edge
1085,357,GOOD,Edge
105,371,GOOD,Edge
119,371,GOOD,Edge
133,371,GOOD,Edge
147,371,GOOD,Edge
161,371,GOOD,Edge
175,371,GOOD,Edge
189,371,GOOD,Edge
203,371,GOOD,Top
217,371,GOOD,Top
231,371,GOOD,Top
245,371,GOOD,Top
259,371,GOOD,Top
273,371,GOOD,Top
287,371,GOOD,Top
301,371,GOOD,Top
315,371,GOOD,Top
329,371,GOOD,Top
343,371,GOOD,Top
357,371,GOOD,Top
371,371,GOOD,Top
385,371,GOOD,Top
399,371,GOOD,Top
413,371,GOOD,Top
427,371,GOOD,Top
441,371,GOOD,Top
455,371,GOOD,Top
469,371,GOOD,Top
483,371,GOOD,Top
497,371,GOOD,Top
511,371,GOOD,Top
525,371,GOOD,Top
539,371,GOOD,Top
553,371,GOOD,Top
567,371,GOOD,Top
581,371,GOOD,Top
595,371,GOOD,Top
609,371,GOOD,Top
623,371,GOOD,Top
637,371,GOOD,Top
651,371,GOOD,Top
665,371,GOOD,Top
679,371,GOOD,Top
693,371,GOOD,Top
707,371,GOOD,Top
721,371,GOOD,Top
735,371,GOOD,Top
749,371,GOOD,Top
763,371,GOOD,Top
777,371,GOOD,Top
791,371,GOOD,Top
805,371,GOOD,Top
819,371,GOOD,Top
833,371,GOOD,Top
847,371,GOOD,Top
861,371,GOOD,Top
875,371,GOOD,Top
889,371,GOOD,Top
903,371,GOOD,Top
917,371,GOOD,Top
931,371,GOOD,Top
945,371,GOOD,Top
959,371,GOOD,Top
973,371,GOOD,Top
987,371,GOOD,Top
1001,371,DEFECT,Top
1015,371,DEFECT,Edge
1029,371,GOOD,Edge
1043,371,GOOD,Edge
1057,371,GOOD,Edge
1071,371,GOOD,Edge
1085,371,GOOD,Edge
1099,371,GOOD,Edge
105,385,GOOD,Edge
119,385,GOOD,Edge
133,385,GOOD,Edge
147,385,GOOD,Edge
161,385,GOOD,Edge
175,385,GOOD,Edge
189,385,GOOD,Top
203,385,GOOD,Top
217,385,GOOD,Top
231,385,GOOD,Top
245,385,GOOD,Top
259,385,GOOD,Top
273,385,GOOD,Top
287,385,GOOD,Top
301,385,GOOD,Top
315,385,GOOD,Top
329,385,GOOD,Top
343,385,GOOD,Top
357,385,GOOD,Top
371,385,GOOD,Top
385,385,GOOD,Top
399,385,GOOD,Top
413,385,GOOD,Top
427,385,GOOD,Top
441,385,GOOD,Top
455,385,GOOD,Top
469,385,GOOD,Top
483,385,GOOD,Top
497,385,GOOD,Top
511,385,GOOD,Top
525,385,GOOD,Top
539,385,GOOD,Top
553,385,GOOD,Top
567,385,GOOD,Top
581,385,GOOD,Top
595,385,GOOD,Top
609,385,GOOD,Top
623,385,GOOD,Top
637,385,GOOD,Top
651,385,GOOD,Top
665,385,GOOD,Top
679,385,GOOD,Top
693,385,GOOD,Top
707,385,GOOD,Top
721,385,GOOD,Top
735,385,GOOD,Top
749,385,GOOD,Top
763,385,GOOD,Top
777,385,GOOD,Top
791,385,GOOD,Top
805,385,GOOD,Top
819,385,GOOD,Top
833,385,GOOD,Top
847,385,GOOD,Top
861,385,GOOD,Top
875,385,GOOD,Top
889,385,GOOD,Top
903,385,GOOD,Top
917,385,GOOD,Top
931,385,GOOD,Top
945,385,GOOD,Top
959,385,GOOD,Top
973,385,GOOD,Top
987,385,GOOD,Top
1001,385,DEFECT,Top
1015,385,DEFECT,Top
1029,385,GOOD,Edge
1043,385,GOOD,Edge
1057,385,GOOD,Edge
1071,385,GOOD,Edge
1085,385,GOOD,Edge
1099,385,GOOD,Edge
91,399,GOOD,Edge
105,399,GOOD,Edge
119,399,GOOD,Edge
133,399,GOOD,Edge
147,399,GOOD,Edge
161,399,GOOD,Edge
175,399,GOOD,Edge
189,399,GOOD,Top
203,399,GOOD,Top
217,399,GOOD,Top
231,399,GOOD,Top
245,399,GOOD,Top
259,399,GOOD,Top
273,399,GOOD,Top
287,399,DEFECT,Top
301,399,DEFECT,Top
315,399,GOOD,Top
329,399,GOOD,Top
343,399,GOOD,Top
357,399,GOOD,Top
371,399,GOOD,Top
385,399,GOOD,Top
399,399,DEFECT,Top
413,399,DEFECT,Top
427,399,GOOD,Top
441,399,GOOD,Top
455,399,GOOD,Top
469,399,GOOD,Top
483,399,GOOD,Top
497,399,GOOD,Top
511,399,GOOD,Top
525,399,GOOD,Top
539,399,GOOD,Top
553,399,GOOD,Top
567,399,GOOD,Top
581,399,GOOD,Top
595,399,GOOD,Top
609,399,GOOD,Top
623,399,GOOD,Top
637,399,GOOD,Top
651,399,DEFECT,Top
665,399,DEFECT,Top
679,399,GOOD,Top
693,399,GOOD,Top
707,399,GOOD,Top
721,399,GOOD,Top
735,399,GOOD,Top
749,399,DEFECT,Top
763,399,DEFECT,Top
777,399,GOOD,Top
791,399,GOOD,Top
805,399,GOOD,Top
819,399,GOOD,Top
833,399,GOOD,Top
847,399,GOOD,Top
861,399,GOOD,Top
875,399,GOOD,Top
889,399,GOOD,Top
903,399,DEFECT,Top
917,399,DEFECT,Top
931,399,GOOD,Top
945,399,GOOD,Top
959,399,GOOD,Top
973,399,GOOD,Top
987,399,GOOD,Top
1001,399,GOOD,Top
1015,399,GOOD,Top
1029,399,GOOD,Edge
1043,399,GOOD,Edge
1057,399,GOOD,Edge
1071,399,GOOD,Edge
1085,399,GOOD,Edge
1099,399,GOOD,Edge
91,413,GOOD,Edge
105,413,GOOD,Edge
119,413,GOOD,Edge
133,413,GOOD,Edge
147,413,GOOD,Edge
161,413,GOOD,Edge
175,413,GOOD,Left
189,413,GOOD,Left
203,413,GOOD,Left
217,413,GOOD,Left
231,413,GOOD,Left
245,413,GOOD,Left
259,413,GOOD,Left
273,413,GOOD,Left
287,413,DEFECT,Left
301,413,GOOD,Left
315,413,GOOD,Left
329,413,GOOD,Left
343,413,GOOD,Left
357,413,GOOD,Left
371,413,GOOD,Left
385,413,GOOD,Left
399,413,DEFECT,Left
413,413,GOOD,Right
427,413,GOOD,Right
441,413,GOOD,Right
455,413,GOOD,Right
469,413,GOOD,Right
483,413,GOOD,Right
497,413,GOOD,Right
511,413,GOOD,Right
525,413,GOOD,Right
539,413,GOOD,Right
553,413,GOOD,Right
567,413,GOOD,Right
581,413,GOOD,Right
595,413,GOOD,Right
609,413,GOOD,Right
623,413,GOOD,Right
637,413,GOOD,Right
651,413,DEFECT,Right
665,413,DEFECT,Right
679,413,GOOD,Right
693,413,GOOD,Right
707,413,GOOD,Right
721,413,GOOD,Right
735,413,GOOD,Right
749,413,DEFECT,Right
763,413,GOOD,Right
777,413,GOOD,Right
791,413,GOOD,Right
805,413,GOOD,Right
819,413,GOOD,Right
833,413,GOOD,Right
847,413,GOOD,Right
861,413,GOOD,Right
875,413,GOOD,Right
889,413,GOOD,Right
903,413,GOOD,Right
917,413,DEFECT,Right
931,413,GOOD,Right
945,413,GOOD,Right
959,413,GOOD,Right
973,413,GOOD,Right
987,413,GOOD,Right
1001,413,GOOD,Right
1015,413,GOOD,Right
1029,413,GOOD,Right
1043,413,GOOD,Edge
1057,413,GOOD,Edge
1071,413,GOOD,Edge
1085,413,GOOD,Edge
1099,413,GOOD,Edge
1113,413,GOOD,Edge
91,427,GOOD,Edge
105,427,GOOD,Edge
119,427,GOOD,Edge
133,427,GOOD,Edge
147,427,GOOD,Edge
161,427,GOOD,Edge
175,427,GOOD,Left
189,427,GOOD,Left
203,427,GOOD,Left
217,427,GOOD,Left
231,427,GOOD,Left
245,427,GOOD,Left
259,427,GOOD,Left
273,427,GOOD,Left
287,427,GOOD,Left
301,427,GOOD,Left
315,427,GOOD,Left
329,427,GOOD,Left
343,427,GOOD,Left
357,427,GOOD,Left
371,427,GOOD,Left
385,427,GOOD,Left
399,427,GOOD,Left
413,427,GOOD,Right
427,427,GOOD,Right
441,427,GOOD,Right
455,427,GOOD,Right
469,427,GOOD,Right
483,427,GOOD,Right
497,427,GOOD,Right
511,427,GOOD,Right
525,427,GOOD,Right
539,427,GOOD,Right
553,427,GOOD,Center
567,427,GOOD,Center
581,427,GOOD,Center
595,427,GOOD,Center
609,427,GOOD,Center
623,427,GOOD,Center
637,427,GOOD,Center
651,427,GOOD,Right
665,427,GOOD,Right
679,427,GOOD,Right
693,427,GOOD,Right
707,427,GOOD,Right
721,427,GOOD,Right
735,427,GOOD,Right
749,427,GOOD,Right
763,427,GOOD,Right
777,427,GOOD,Right
791,427,GOOD,Right
805,427,GOOD,Right
819,427,GOOD,Right
833,427,GOOD,Right
847,427,GOOD,Right
861,427,GOOD,Right
875,427,GOOD,Right
889,427,GOOD,Right
903,427,GOOD,Right
917,427,GOOD,Right
931,427,GOOD,Right
945,427,GOOD,Right
959,427,GOOD,Right
973,427,GOOD,Right
987,427,GOOD,Right
1001,427,GOOD,Right
1015,427,GOOD,Right
1029,427,GOOD,Right
1043,427,GOOD,Edge
1057,427,GOOD,Edge
1071,427,GOOD,Edge
1085,427,GOOD,Edge
1099,427,GOOD,Edge
1113,427,GOOD,Edge
77,441,GOOD,Edge
91,441,GOOD,Edge
105,441,GOOD,Edge
119,441,GOOD,Edge
133,441,GOOD,Edge
147,441,GOOD,Edge
161,441,GOOD,Left
175,441,GOOD,Left
189,441,GOOD,Left
203,441,GOOD,Left
217,441,GOOD,Left
231,441,DEFECT,Left
245,441,DEFECT,Left
259,441,GOOD,Left
273,441,GOOD,Left
287,441,GOOD,Left
301,441,GOOD,Left
315,441,GOOD,Left
329,441,GOOD,Left
343,441,GOOD,Left
357,441,GOOD,Left
371,441,GOOD,Left
385,441,GOOD,Left
399,441,GOOD,Left
413,441,GOOD,Right
427,441,GOOD,Right
441,441,GOOD,Right
455,441,GOOD,Right
469,441,GOOD,Right
483,441,GOOD,Right
497,441,GOOD,Right
511,441,GOOD,Right
525,441,GOOD,Center
539,441,GOOD,Center
553,441,GOOD,Center
567,441,GOOD,Center
581,441,GOOD,Center
595,441,GOOD,Center
609,441,GOOD,Center
623,441,GOOD,Center
637,441,GOOD,Center
651,441,DEFECT,Center
665,441,DEFECT,Center
679,441,GOOD,Center
693,441,GOOD,Right
707,441,GOOD,Right
721,441,GOOD,Right
735,441,GOOD,Right
749,441,GOOD,Right
763,441,GOOD,Right
777,441,GOOD,Right
791,441,GOOD,Right
805,441,GOOD,Right
819,441,GOOD,Right
833,441,GOOD,Right
847,441,GOOD,Right
861,441,GOOD,Right
875,441,GOOD,Right
889,441,GOOD,Right
903,441,GOOD,Right
917,441,GOOD,Right
931,441,GOOD,Right
945,441,GOOD,Right
959,441,GOOD,Right
973,441,GOOD,Right
987,441,GOOD,Right
1001,441,GOOD,Right
1015,441,GOOD,Right
1029,441,GOOD,Right
1043,441,GOOD,Edge
1057,441,GOOD,Edge
1071,441,GOOD,Edge
1085,441,GOOD,Edge
1099,441,GOOD,Edge
1113,441,GOOD,Edge
77,455,GOOD,Edge
91,455,GOOD,Edge
105,455,GOOD,Edge
119,455,GOOD,Edge
133,455,GOOD,Edge
147,455,GOOD,Edge
161,455,GOOD,Left
175,455,GOOD,Left
189,455,GOOD,Left
203,455,GOOD,Left
217,455,GOOD,Left
231,455,DEFECT,Left
245,455,DEFECT,Left
259,455,GOOD,Left
273,455,GOOD,Left
287,455,GOOD,Left
301,455,GOOD,Left
315,455,GOOD,Left
329,455,GOOD,Left
343,455,GOOD,Left
357,455,GOOD,Left
371,455,GOOD,Left
385,455,GOOD,Left
399,455,GOOD,Left
413,455,GOOD,Right
427,455,GOOD,Right
441,455,GOOD,Right
455,455,GOOD,Right
469,455,GOOD,Right
483,455,GOOD,Right
497,455,GOOD,Center
511,455,GOOD,Center
525,455,GOOD,Center
539,455,GOOD,Center
553,455,GOOD,Center
567,455,GOOD,Center
581,455,GOOD,Center
595,455,GOOD,Center
609,455,GOOD,Center
623,455,GOOD,Center
637,455,GOOD,Center
651,455,DEFECT,Center
665,455,DEFECT,Center
679,455,GOOD,Center
693,455,GOOD,Center
707,455,GOOD,Right
721,455,GOOD,Right
735,455,GOOD,Right
749,455,GOOD,Right
763,455,GOOD,Right
777,455,GOOD,Right
791,455,GOOD,Right
805,455,GOOD,Right
819,455,GOOD,Right
833,455,GOOD,Right
847,455,GOOD,Right
861,455,GOOD,Right
875,455,GOOD,Right
889,455,GOOD,Right
903,455,GOOD,Right
917,455,GOOD,Right
931,455,GOOD,Right
945,455,GOOD,Right
959,455,GOOD,Right
973,455,GOOD,Right
987,455,GOOD,Right
1001,455,GOOD,Right
1015,455,GOOD,Right
1029,455,GOOD,Right
1043,455,GOOD,Right
1057,455,GOOD,Edge
1071,455,GOOD,Edge
1085,455,GOOD,Edge
1099,455,GOOD,Edge
1113,455,GOOD,Edge
1127,455,GOOD,Edge
77,469,GOOD,Edge
91,469,GOOD,Edge
105,469,GOOD,Edge
119,469,GOOD,Edge
133,469,GOOD,Edge
147,469,GOOD,Edge
161,469,GOOD,Left
175,469,GOOD,Left
189,469,GOOD,Left
203,469,GOOD,Left
217,469,GOOD,Left
231,469,GOOD,Left
245,469,GOOD,Left
259,469,GOOD,Left
273,469,GOOD,Left
287,469,GOOD,Left
301,469,GOOD,Left
315,469,GOOD,Left
329,469,GOOD,Left
343,469,GOOD,Left
357,469,GOOD,Left
371,469,GOOD,Left
385,469,GOOD,Left
399,469,GOOD,Left
413,469,GOOD,Right
427,469,GOOD,Right
441,469,GOOD,Right
455,469,GOOD,Right
469,469,GOOD,Right
483,469,GOOD,Center
497,469,GOOD,Center
511,469,GOOD,Center
525,469,GOOD,Center
539,469,GOOD,Center
553,469,GOOD,Center
567,469,GOOD,Center
581,469,GOOD,Center
595,469,GOOD,Center
609,469,GOOD,Center
623,469,GOOD,Center
637,469,GOOD,Center
651,469,GOOD,Center
665,469,GOOD,Center
679,469,GOOD,Center
693,469,GOOD,Center
707,469,GOOD,Center
721,469,GOOD,Center
735,469,GOOD,Right
749,469,GOOD,Right
763,469,GOOD,Right
777,469,GOOD,Right
791,469,GOOD,Right
805,469,GOOD,Right
819,469,GOOD,Right
833,469,DEFECT,Right
847,469,DEFECT,Right
861,469,GOOD,Right
875,469,GOOD,Right
889,469,GOOD,Right
903,469,GOOD,Right
917,469,GOOD,Right
931,469,GOOD,Right
945,469,GOOD,Right
959,469,GOOD,Right
973,469,GOOD,Right
987,469,GOOD,Right
1001,469,GOOD,Right
1015,469,GOOD,Right
1029,469,DEFECT,Right
1043,469,GOOD,Right
1057,469,GOOD,Edge
1071,469,GOOD,Edge
1085,469,GOOD,Edge
1099,469,GOOD,Edge
1113,469,GOOD,Edge
1127,469,GOOD,Edge
63,483,DEFECT,Edge
77,483,GOOD,Edge
91,483,GOOD,Edge
105,483,GOOD,Edge
119,483,GOOD,Edge
133,483,GOOD,Edge
147,483,GOOD,Left
161,483,GOOD,Left
175,483,GOOD,Left
189,483,GOOD,Left
203,483,GOOD,Left
217,483,GOOD,Left
231,483,GOOD,Left
245,483,GOOD,Left
259,483,GOOD,Left
273,483,GOOD,Left
287,483,GOOD,Left
301,483,GOOD,Left
315,483,GOOD,Left
329,483,GOOD,Left
343,483,GOOD,Left
357,483,GOOD,Left
371,483,GOOD,Left
385,483,GOOD,Left
399,483,GOOD,Left
413,483,GOOD,Right
427,483,GOOD,Right
441,483,GOOD,Right
455,483,GOOD,Right
469,483,GOOD,Center
483,483,GOOD,Center
497,483,GOOD,Center
511,483,GOOD,Center
525,483,GOOD,Center
539,483,GOOD,Center
553,483,GOOD,Center
567,483,GOOD,Center
581,483,GOOD,Center
595,483,GOOD,Center
609,483,GOOD,Center
623,483,GOOD,Center
637,483,GOOD,Center
651,483,GOOD,Center
665,483,GOOD,Center
679,483,GOOD,Center
693,483,GOOD,Center
707,483,GOOD,Center
721,483,GOOD,Center
735,483,GOOD,Center
749,483,GOOD,Right
763,483,GOOD,Right
777,483,GOOD,Right
791,483,GOOD,Right
805,483,GOOD,Right
819,483,GOOD,Right
833,483,GOOD,Right
847,483,DEFECT,Right
861,483,GOOD,Right
875,483,GOOD,Right
889,483,GOOD,Right
903,483,GOOD,Right
917,483,GOOD,Right
931,483,GOOD,Right
945,483,GOOD,Right
959,483,GOOD,Right
973,483,GOOD,Right
987,483,GOOD,Right
1001,483,GOOD,Right
1015,483,GOOD,Right
1029,483,DEFECT,Right
1043,483,DEFECT,Right
1057,483,DEFECT,Edge
1071,483,GOOD,Edge
1085,483,GOOD,Edge
1099,483,GOOD,Edge
1113,483,GOOD,Edge
1127,483,GOOD,Edge
63,497,DEFECT,Edge
77,497,GOOD,Edge
91,497,GOOD,Edge
105,497,GOOD,Edge
119,497,GOOD,Edge
133,497,GOOD,Edge
147,497,GOOD,Left
161,497,GOOD,Left
175,497,GOOD,Left
189,497,GOOD,Left
203,497,GOOD,Left
217,497,GOOD,Left
231,497,GOOD,Left
245,497,GOOD,Left
259,497,GOOD,Left
273,497,GOOD,Left
287,497,GOOD,Left
301,497,GOOD,Left
315,497,GOOD,Left
329,497,GOOD,Left
343,497,GOOD,Left
357,497,GOOD,Left
371,497,GOOD,Left
385,497,GOOD,Left
399,497,GOOD,Left
413,497,GOOD,Right
427,497,GOOD,Right
441,497,GOOD,Right
455,497,GOOD,Center
469,497,GOOD,Center
483,497,GOOD,Center
497,497,GOOD,Center
511,497,GOOD,Center
525,497,GOOD,Center
539,497,GOOD,Center
553,497,GOOD,Center
567,497,GOOD,Center
581,497,DEFECT,Center
595,497,DEFECT,Center
609,497,GOOD,Center
623,497,GOOD,Center
637,497,GOOD,Center
651,497,GOOD,Center
665,497,GOOD,Center
679,497,GOOD,Center
693,497,GOOD,Center
707,497,GOOD,Center
721,497,GOOD,Center
735,497,GOOD,Center
749,497,GOOD,Right
763,497,GOOD,Right
777,497,GOOD,Right
791,497,GOOD,Right
805,497,GOOD,Right
819,497,GOOD,Right
833,497,GOOD,Right
847,497,GOOD,Right
861,497,GOOD,Right
875,497,GOOD,Right
889,497,GOOD,Right
903,497,GOOD,Right
917,497,GOOD,Right
931,497,GOOD,Right
945,497,GOOD,Right
959,497,GOOD,Right
973,497,GOOD,Right
987,497,GOOD,Right
1001,497,GOOD,Right
1015,497,GOOD,Right
1029,497,GOOD,Right
1043,497,DEFECT,Right
1057,497,DEFECT,Right
1071,497,GOOD,Edge
1085,497,GOOD,Edge
1099,497,GOOD,Edge
1113,497,GOOD,Edge
1127,497,GOOD,Edge
63,511,GOOD,Edge
77,511,GOOD,Edge
91,511,GOOD,Edge
105,511,GOOD,Edge
119,511,GOOD,Edge
133,511,GOOD,Edge
147,511,GOOD,Left
161,511,GOOD,Left
175,511,GOOD,Left
189,511,GOOD,Left
203,511,GOOD,Left
217,511,GOOD,Left
231,511,GOOD,Left
245,511,GOOD,Left
259,511,GOOD,Left
273,511,GOOD,Left
287,511,GOOD,Left
301,511,GOOD,Left
315,511,GOOD,Left
329,511,GOOD,Left
343,511,GOOD,Left
357,511,GOOD,Left
371,511,GOOD,Left
385,511,GOOD,Left
399,511,GOOD,Left
413,511,GOOD,Right
427,511,GOOD,Right
441,511,GOOD,Right
455,511,GOOD,Center
469,511,DEFECT,Center
483,511,DEFECT,Center
497,511,DEFECT,Center
511,511,GOOD,Center
525,511,GOOD,Center
539,511,GOOD,Center
553,511,GOOD,Center
567,511,DEFECT,Center
581,511,GOOD,Center
595,511,GOOD,Center
609,511,GOOD,Center
623,511,GOOD,Center
637,511,GOOD,Center
651,511,GOOD,Center
665,511,GOOD,Center
679,511,GOOD,Center
693,511,GOOD,Center
707,511,GOOD,Center
721,511,GOOD,Center
735,511,GOOD,Center
749,511,GOOD,Center
763,511,GOOD,Right
777,511,GOOD,Right
791,511,GOOD,Right
805,511,GOOD,Right
819,511,GOOD,Right
833,511,GOOD,Right
847,511,GOOD,Right
861,511,GOOD,Right
875,511,GOOD,Right
889,511,GOOD,Right
903,511,GOOD,Right
917,511,GOOD,Right
931,511,GOOD,Right
945,511,GOOD,Right
959,511,GOOD,Right
973,511,GOOD,Right
987,511,GOOD,Right
1001,511,GOOD,Right
1015,511,GOOD,Right
1029,511,GOOD,Right
1043,511,GOOD,Right
1057,511,GOOD,Right
1071,511,GOOD,Edge
1085,511,GOOD,Edge
1099,511,GOOD,Edge
1113,511,GOOD,Edge
1127,511,GOOD,Edge
1141,511,GOOD,Edge
63,525,GOOD,Edge
77,525,GOOD,Edge
91,525,GOOD,Edge
105,525,GOOD,Edge
119,525,GOOD,Edge
133,525,GOOD,Edge
147,525,GOOD,Left
161,525,GOOD,Left
175,525,GOOD,Left
189,525,GOOD,Left
203,525,GOOD,Left
217,525,GOOD,Left
231,525,GOOD,Left
245,525,GOOD,Left
259,525,GOOD,Left
273,525,GOOD,Left
287,525,GOOD,Left
301,525,GOOD,Left
315,525,GOOD,Left
329,525,GOOD,Left
343,525,GOOD,Left
357,525,GOOD,Left
371,525,GOOD,Left
385,525,GOOD,Left
399,525,GOOD,Left
413,525,GOOD,Right
427,525,GOOD,Right
441,525,GOOD,Center
455,525,GOOD,Center
469,525,DEFECT,Center
483,525,DEFECT,Center
497,525,DEFECT,Center
511,525,GOOD,Center
525,525,GOOD,Center
539,525,GOOD,Center
553,525,GOOD,Center
567,525,DEFECT,Center
581,525,GOOD,Center
595,525,GOOD,Center
609,525,GOOD,Center
623,525,GOOD,Center
637,525,GOOD,Center
651,525,GOOD,Center
665,525,GOOD,Center
679,525,GOOD,Center
693,525,GOOD,Center
707,525,GOOD,Center
721,525,GOOD,Center
735,525,GOOD,Center
749,525,GOOD,Center
763,525,GOOD,Center
777,525,GOOD,Right
791,525,GOOD,Right
805,525,GOOD,Right
819,525,GOOD,Right
833,525,GOOD,Right
847,525,GOOD,Right
861,525,GOOD,Right
875,525,GOOD,Right
889,525,GOOD,Right
903,525,GOOD,Right
917,525,GOOD,Right
931,525,GOOD,Right
945,525,GOOD,Right
959,525,GOOD,Right
973,525,GOOD,Right
987,525,GOOD,Right
1001,525,GOOD,Right
1015,525,GOOD,Right
1029,525,GOOD,Right
1043,525,GOOD,Right
1057,525,GOOD,Right
1071,525,GOOD,Edge
1085,525,GOOD,Edge
1099,525,GOOD,Edge
1113,525,GOOD,Edge
1127,525,GOOD,Edge
1141,525,GOOD,Edge
63,539,GOOD,Edge
77,539,GOOD,Edge
91,539,GOOD,Edge
105,539,GOOD,Edge
119,539,GOOD,Edge
133,539,GOOD,Edge
147,539,GOOD,Left
161,539,GOOD,Left
175,539,GOOD,Left
189,539,DEFECT,Left
203,539,DEFECT,Left
217,539,GOOD,Left
231,539,GOOD,Left
245,539,GOOD,Left
259,539,GOOD,Left
273,539,GOOD,Left
287,539,GOOD,Left
301,539,GOOD,Left
315,539,GOOD,Left
329,539,GOOD,Left
343,539,GOOD,Left
357,539,GOOD,Left
371,539,GOOD,Left
385,539,GOOD,Left
399,539,GOOD,Left
413,539,GOOD,Right
427,539,GOOD,Right
441,539,GOOD,Center
455,539,GOOD,Center
469,539,GOOD,Center
483,539,GOOD,Center
497,539,GOOD,Center
511,539,GOOD,Center
525,539,GOOD,Center
539,539,GOOD,Center
553,539,GOOD,Center
567,539,GOOD,Center
581,539,GOOD,Center
595,539,GOOD,Center
609,539,GOOD,Center
623,539,GOOD,Center
637,539,GOOD,Center
651,539,GOOD,Center
665,539,GOOD,Center
679,539,GOOD,Center
693,539,GOOD,Center
707,539,GOOD,Center
721,539,GOOD,Center
735,539,GOOD,Center
749,539,GOOD,Center
763,539,GOOD,Center
777,539,GOOD,Right
791,539,GOOD,Right
805,539,GOOD,Right
819,539,GOOD,Right
833,539,GOOD,Right
847,539,GOOD,Right
861,539,GOOD,Right
875,539,GOOD,Right
889,539,GOOD,Right
903,539,GOOD,Right
917,539,GOOD,Right
931,539,GOOD,Right
945,539,GOOD,Right
959,539,GOOD,Right
973,539,GOOD,Right
987,539,GOOD,Right
1001,539,GOOD,Right
1015,539,GOOD,Right
1029,539,GOOD,Right
1043,539,GOOD,Right
1057,539,GOOD,Right
1071,539,GOOD,Edge
1085,539,GOOD,Edge
1099,539,GOOD,Edge
1113,539,GOOD,Edge
1127,539,GOOD,Edge
1141,539,GOOD,Edge
63,553,GOOD,Edge
77,553,GOOD,Edge
91,553,GOOD,Edge
105,553,DEFECT,Edge
119,553,GOOD,Edge
133,553,GOOD,Left
147,553,GOOD,Left
161,553,GOOD,Left
175,553,GOOD,Left
189,553,DEFECT,Left
203,553,DEFECT,Left
217,553,GOOD,Left
231,553,GOOD,Left
245,553,GOOD,Left
259,553,GOOD,Left
273,553,GOOD,Left
287,553,GOOD,Left
301,553,GOOD,Left
315,553,GOOD,Left
329,553,GOOD,Left
343,553,GOOD,Left
357,553,GOOD,Left
371,553,GOOD,Left
385,553,GOOD,Left
399,553,GOOD,Left
413,553,GOOD,Right
427,553,GOOD,Center
441,553,GOOD,Center
455,553,GOOD,Center
469,553,GOOD,Center
483,553,GOOD,Center
497,553,GOOD,Center
511,553,GOOD,Center
525,553,GOOD,Center
539,553,GOOD,Center
553,553,GOOD,Center
567,553,GOOD,Center
581,553,GOOD,Center
595,553,GOOD,Center
609,553,GOOD,Center
623,553,GOOD,Center
637,553,GOOD,Center
651,553,GOOD,Center
665,553,GOOD,Center
679,553,GOOD,Center
693,553,GOOD,Center
707,553,GOOD,Center
721,553,GOOD,Center
735,553,GOOD,Center
749,553,GOOD,Center
763,553,GOOD,Center
777,553,GOOD,Right
791,553,GOOD,Right
805,553,GOOD,Right
819,553,GOOD,Right
833,553,GOOD,Right
847,553,GOOD,Right
861,553,GOOD,Right
875,553,GOOD,Right
889,553,GOOD,Right
903,553,GOOD,Right
917,553,GOOD,Right
931,553,GOOD,Right
945,553,GOOD,Right
959,553,GOOD,Right
973,553,GOOD,Right
987,553,GOOD,Right
1001,553,GOOD,Right
1015,553,GOOD,Right
1029,553,GOOD,Right
1043,553,GOOD,Right
1057,553,GOOD,Right
1071,553,GOOD,Edge
1085,553,GOOD,Edge
1099,553,GOOD,Edge
1113,553,GOOD,Edge
1127,553,GOOD,Edge
1141,553,GOOD,Edge
63,567,GOOD,Edge
77,567,GOOD,Edge
91,567,GOOD,Edge
105,567,DEFECT,Edge
119,567,GOOD,Edge
133,567,GOOD,Left
147,567,GOOD,Left
161,567,GOOD,Left
175,567,GOOD,Left
189,567,GOOD,Left
203,567,GOOD,Left
217,567,GOOD,Left
231,567,GOOD,Left
245,567,GOOD,Left
259,567,GOOD,Left
273,567,GOOD,Left
287,567,GOOD,Left
301,567,GOOD,Left
315,567,GOOD,Left
329,567,GOOD,Left
343,567,GOOD,Left
357,567,GOOD,Left
371,567,GOOD,Left
385,567,GOOD,Left
399,567,GOOD,Left
413,567,GOOD,Right
427,567,GOOD,Center
441,567,GOOD,Center
455,567,GOOD,Center
469,567,GOOD,Center
483,567,GOOD,Center
497,567,GOOD,Center
511,567,GOOD,Center
525,567,GOOD,Center
539,567,GOOD,Center
553,567,GOOD,Center
567,567,GOOD,Center
581,567,GOOD,Center
595,567,GOOD,Center
609,567,GOOD,Center
623,567,GOOD,Center
637,567,GOOD,Center
651,567,GOOD,Center
665,567,GOOD,Center
679,567,GOOD,Center
693,567,GOOD,Center
707,567,GOOD,Center
721,567,GOOD,Center
735,567,GOOD,Center
749,567,GOOD,Center
763,567,GOOD,Center
777,567,GOOD,Right
791,567,GOOD,Right
805,567,GOOD,Right
819,567,GOOD,Right
833,567,GOOD,Right
847,567,GOOD,Right
861,567,GOOD,Right
875,567,GOOD,Right
889,567,GOOD,Right
903,567,GOOD,Right
917,567,GOOD,Right
931,567,GOOD,Right
945,567,GOOD,Right
959,567,GOOD,Right
973,567,GOOD,Right
987,567,GOOD,Right
1001,567,GOOD,Right
1015,567,GOOD,Right
1029,567,GOOD,Right
1043,567,GOOD,Right
1057,567,GOOD,Right
1071,567,GOOD,Edge
1085,567,GOOD,Edge
1099,567,GOOD,Edge
1113,567,GOOD,Edge
1127,567,GOOD,Edge
1141,567,GOOD,Edge
63,581,GOOD,Edge
77,581,GOOD,Edge
91,581,GOOD,Edge
105,581,GOOD,Edge
119,581,GOOD,Edge
133,581,GOOD,Left
147,581,GOOD,Left
161,581,GOOD,Left
175,581,GOOD,Left
189,581,GOOD,Left
203,581,GOOD,Left
217,581,GOOD,Left
231,581,GOOD,Left
245,581,GOOD,Left
259,581,GOOD,Left
273,581,GOOD,Left
287,581,GOOD,Left
301,581,GOOD,Left
315,581,GOOD,Left
329,581,GOOD,Left
343,581,GOOD,Left
357,581,GOOD,Left
371,581,GOOD,Left
385,581,GOOD,Left
399,581,GOOD,Left
413,581,GOOD,Right
427,581,GOOD,Center
441,581,GOOD,Center
455,581,GOOD,Center
469,581,GOOD,Center
483,581,GOOD,Center
497,581,GOOD,Center
511,581,GOOD,Center
525,581,GOOD,Center
539,581,GOOD,Center
553,581,GOOD,Center
567,581,GOOD,Center
581,581,GOOD,Center
595,581,GOOD,Center
609,581,GOOD,Center
623,581,GOOD,Center
637,581,GOOD,Center
651,581,GOOD,Center
665,581,GOOD,Center
679,581,GOOD,Center
693,581,GOOD,Center
707,581,GOOD,Center
721,581,GOOD,Center
735,581,GOOD,Center
749,581,GOOD,Center
763,581,GOOD,Center
777,581,GOOD,Center
791,581,GOOD,Right
805,581,GOOD,Right
819,581,GOOD,Right
833,581,GOOD,Right
847,581,GOOD,Right
861,581,GOOD,Right
875,581,GOOD,Right
889,581,GOOD,Right
903,581,GOOD,Right
917,581,GOOD,Right
931,581,GOOD,Right
945,581,GOOD,Right
959,581,GOOD,Right
973,581,GOOD,Right
987,581,GOOD,Right
1001,581,GOOD,Right
1015,581,GOOD,Right
1029,581,GOOD,Right
1043,581,GOOD,Right
1057,581,GOOD,Right
1071,581,GOOD,Edge
1085,581,GOOD,Edge
1099,581,GOOD,Edge
1113,581,GOOD,Edge
1127,581,GOOD,Edge
1141,581,GOOD,Edge
63,595,GOOD,Edge
77,595,GOOD,Edge
91,595,GOOD,Edge
105,595,GOOD,Edge
119,595,GOOD,Edge
133,595,GOOD,Left
147,595,GOOD,Left
161,595,GOOD,Left
175,595,GOOD,Left
189,595,GOOD,Left
203,595,GOOD,Left
217,595,GOOD,Left
231,595,GOOD,Left
245,595,GOOD,Left
259,595,GOOD,Left
273,595,GOOD,Left
287,595,GOOD,Left
301,595,GOOD,Left
315,595,GOOD,Left
329,595,GOOD,Left
343,595,GOOD,Left
357,595,GOOD,Left
371,595,GOOD,Left
385,595,GOOD,Left
399,595,GOOD,Left
413,595,GOOD,Right
427,595,GOOD,Center
441,595,GOOD,Center
455,595,GOOD,Center
469,595,GOOD,Center
483,595,GOOD,Center
497,595,GOOD,Center
511,595,GOOD,Center
525,595,GOOD,Center
539,595,GOOD,Center
553,595,GOOD,Center
567,595,GOOD,Center
581,595,GOOD,Center
595,595,GOOD,Center
609,595,GOOD,Center
623,595,GOOD,Center
637,595,GOOD,Center
651,595,GOOD,Center
665,595,GOOD,Center
679,595,GOOD,Center
693,595,GOOD,Center
707,595,GOOD,Center
721,595,GOOD,Center
735,595,GOOD,Center
749,595,GOOD,Center
763,595,GOOD,Center
777,595,GOOD,Center
791,595,GOOD,Right
805,595,GOOD,Right
819,595,GOOD,Right
833,595,GOOD,Right
847,595,GOOD,Right
861,595,GOOD,Right
875,595,GOOD,Right
889,595,GOOD,Right
903,595,GOOD,Right
917,595,GOOD,Right
931,595,GOOD,Right
945,595,GOOD,Right
959,595,GOOD,Right
973,595,GOOD,Right
987,595,GOOD,Right
1001,595,GOOD,Right
1015,595,GOOD,Right
1029,595,GOOD,Right
1043,595,GOOD,Right
1057,595,GOOD,Right
1071,595,GOOD,Edge
1085,595,GOOD,Edge
1099,595,GOOD,Edge
1113,595,GOOD,Edge
1127,595,GOOD,Edge
1141,595,GOOD,Edge
63,609,GOOD,Edge
77,609,GOOD,Edge
91,609,GOOD,Edge
105,609,GOOD,Edge
119,609,GOOD,Edge
133,609,GOOD,Left
147,609,GOOD,Left
161,609,GOOD,Left
175,609,GOOD,Left
189,609,GOOD,Left
203,609,GOOD,Left
217,609,GOOD,Left
231,609,GOOD,Left
245,609,GOOD,Left
259,609,GOOD,Left
273,609,GOOD,Left
287,609,DEFECT,Left
301,609,DEFECT,Left
315,609,GOOD,Left
329,609,GOOD,Left
343,609,GOOD,Left
357,609,GOOD,Left
371,609,GOOD,Left
385,609,GOOD,Left
399,609,GOOD,Left
413,609,GOOD,Right
427,609,GOOD,Center
441,609,DEFECT,Center
455,609,DEFECT,Center
469,609,GOOD,Center
483,609,GOOD,Center
497,609,GOOD,Center
511,609,GOOD,Center
525,609,GOOD,Center
539,609,GOOD,Center
553,609,GOOD,Center
567,609,GOOD,Center
581,609,GOOD,Center
595,609,GOOD,Center
609,609,GOOD,Center
623,609,GOOD,Center
637,609,GOOD,Center
651,609,GOOD,Center
665,609,GOOD,Center
679,609,GOOD,Center
693,609,GOOD,Center
707,609,GOOD,Center
721,609,GOOD,Center
735,609,GOOD,Center
749,609,GOOD,Center
763,609,GOOD,Center
777,609,GOOD,Center
791,609,GOOD,Right
805,609,GOOD,Right
819,609,GOOD,Right
833,609,GOOD,Right
847,609,GOOD,Right
861,609,GOOD,Right
875,609,GOOD,Right
889,609,GOOD,Right
903,609,GOOD,Right
917,609,GOOD,Right
931,609,GOOD,Right
945,609,GOOD,Right
959,609,GOOD,Right
973,609,GOOD,Right
987,609,GOOD,Right
1001,609,GOOD,Right
1015,609,GOOD,Right
1029,609,GOOD,Right
1043,609,GOOD,Right
1057,609,GOOD,Right
1071,609,GOOD,Edge
1085,609,GOOD,Edge
1099,609,GOOD,Edge
1113,609,GOOD,Edge
1127,609,GOOD,Edge
1141,609,GOOD,Edge
63,623,GOOD,Edge
77,623,GOOD,Edge
91,623,GOOD,Edge
105,623,GOOD,Edge
119,623,GOOD,Edge
133,623,GOOD,Left
147,623,GOOD,Left
161,623,GOOD,Left
175,623,GOOD,Left
189,623,DEFECT,Left
203,623,DEFECT,Left
217,623,DEFECT,Left
231,623,GOOD,Left
245,623,GOOD,Left
259,623,GOOD,Left
273,623,GOOD,Left
287,623,DEFECT,Left
301,623,GOOD,Left
315,623,GOOD,Left
329,623,GOOD,Left
343,623,GOOD,Left
357,623,GOOD,Left
371,623,GOOD,Left
385,623,GOOD,Left
399,623,GOOD,Left
413,623,GOOD,Right
427,623,GOOD,Center
441,623,GOOD,Center
455,623,DEFECT,Center
469,623,GOOD,Center
483,623,GOOD,Center
497,623,GOOD,Center
511,623,GOOD,Center
525,623,GOOD,Center
539,623,GOOD,Center
553,623,GOOD,Center
567,623,GOOD,Center
581,623,GOOD,Center
595,623,GOOD,Center
609,623,GOOD,Center
623,623,GOOD,Center
637,623,GOOD,Center
651,623,GOOD,Center
665,623,GOOD,Center
679,623,GOOD,Center
693,623,GOOD,Center
707,623,GOOD,Center
721,623,GOOD,Center
735,623,GOOD,Center
749,623,GOOD,Center
763,623,GOOD,Center
777,623,GOOD,Center
791,623,GOOD,Right
805,623,GOOD,Right
819,623,GOOD,Right
833,623,GOOD,Right
847,623,GOOD,Right
861,623,GOOD,Right
875,623,GOOD,Right
889,623,GOOD,Right
903,623,GOOD,Right
917,623,GOOD,Right
931,623,GOOD,Right
945,623,GOOD,Right
959,623,GOOD,Right
973,623,GOOD,Right
987,623,GOOD,Right
1001,623,GOOD,Right
1015,623,GOOD,Right
1029,623,GOOD,Right
1043,623,GOOD,Right
1057,623,GOOD,Right
1071,623,GOOD,Edge
1085,623,GOOD,Edge
1099,623,GOOD,Edge
1113,623,GOOD,Edge
1127,623,GOOD,Edge
1141,623,GOOD,Edge
63,637,GOOD,Edge
77,637,GOOD,Edge
91,637,GOOD,Edge
105,637,GOOD,Edge
119,637,GOOD,Edge
133,637,GOOD,Left
147,637,GOOD,Left
161,637,GOOD,Left
175,637,GOOD,Left
189,637,DEFECT,Left
203,637,DEFECT,Left
217,637,DEFECT,Left
231,637,DEFECT,Left
245,637,GOOD,Left
259,637,GOOD,Left
273,637,GOOD,Left
287,637,GOOD,Left
301,637,GOOD,Left
315,637,GOOD,Left
329,637,GOOD,Left
343,637,GOOD,Left
357,637,GOOD,Left
371,637,GOOD,Left
385,637,GOOD,Left
399,637,GOOD,Left
413,637,GOOD,Right
427,637,GOOD,Center
441,637,GOOD,Center
455,637,GOOD,Center
469,637,GOOD,Center
483,637,GOOD,Center
497,637,GOOD,Center
511,637,GOOD,Center
525,637,GOOD,Center
539,637,GOOD,Center
553,637,GOOD,Center
567,637,GOOD,Center
581,637,GOOD,Center
595,637,GOOD,Center
609,637,GOOD,Center
623,637,GOOD,Center
637,637,GOOD,Center
651,637,GOOD,Center
665,637,GOOD,Center
679,637,GOOD,Center
693,637,GOOD,Center
707,637,GOOD,Center
721,637,GOOD,Center
735,637,GOOD,Center
749,637,GOOD,Center
763,637,GOOD,Center
777,637,GOOD,Right
791,637,GOOD,Right
805,637,GOOD,Right
819,637,GOOD,Right
833,637,GOOD,Right
847,637,GOOD,Right
861,637,GOOD,Right
875,637,GOOD,Right
889,637,GOOD,Right
903,637,GOOD,Right
917,637,GOOD,Right
931,637,GOOD,Right
945,637,GOOD,Right
959,637,GOOD,Right
973,637,GOOD,Right
987,637,GOOD,Right
1001,637,GOOD,Right
1015,637,GOOD,Right
1029,637,GOOD,Right
1043,637,GOOD,Right
1057,637,GOOD,Right
1071,637,GOOD,Edge
1085,637,GOOD,Edge
1099,637,GOOD,Edge
1113,637,GOOD,Edge
1127,637,GOOD,Edge
1141,637,GOOD,Edge
63,651,GOOD,Edge
77,651,GOOD,Edge
91,651,GOOD,Edge
105,651,GOOD,Edge
119,651,GOOD,Edge
133,651,GOOD,Left
147,651,GOOD,Left
161,651,GOOD,Left
175,651,GOOD,Left
189,651,GOOD,Left
203,651,GOOD,Left
217,651,GOOD,Left
231,651,GOOD,Left
245,651,GOOD,Left
259,651,GOOD,Left
273,651,GOOD,Left
287,651,GOOD,Left
301,651,GOOD,Left
315,651,GOOD,Left
329,651,GOOD,Left
343,651,GOOD,Left
357,651,GOOD,Left
371,651,GOOD,Left
385,651,GOOD,Left
399,651,GOOD,Left
413,651,GOOD,Right
427,651,GOOD,Right
441,651,GOOD,Center
455,651,GOOD,Center
469,651,DEFECT,Center
483,651,DEFECT,Center
497,651,GOOD,Center
511,651,GOOD,Center
525,651,GOOD,Center
539,651,GOOD,Center
553,651,GOOD,Center
567,651,GOOD,Center
581,651,GOOD,Center
595,651,GOOD,Center
609,651,GOOD,Center
623,651,GOOD,Center
637,651,GOOD,Center
651,651,GOOD,Center
665,651,GOOD,Center
679,651,GOOD,Center
693,651,GOOD,Center
707,651,GOOD,Center
721,651,GOOD,Center
735,651,GOOD,Center
749,651,GOOD,Center
763,651,GOOD,Center
777,651,GOOD,Right
791,651,GOOD,Right
805,651,GOOD,Right
819,651,GOOD,Right
833,651,GOOD,Right
847,651,GOOD,Right
861,651,GOOD,Right
875,651,GOOD,Right
889,651,GOOD,Right
903,651,GOOD,Right
917,651,GOOD,Right
931,651,GOOD,Right
945,651,GOOD,Right
959,651,GOOD,Right
973,651,GOOD,Right
987,651,GOOD,Right
1001,651,GOOD,Right
1015,651,GOOD,Right
1029,651,GOOD,Right
1043,651,GOOD,Right
1057,651,GOOD,Right
1071,651,GOOD,Edge
1085,651,GOOD,Edge
1099,651,GOOD,Edge
1113,651,GOOD,Edge
1127,651,GOOD,Edge
1141,651,GOOD,Edge
63,665,GOOD,Edge
77,665,GOOD,Edge
91,665,GOOD,Edge
105,665,GOOD,Edge
119,665,GOOD,Edge
133,665,GOOD,Edge
147,665,GOOD,Left
161,665,GOOD,Left
175,665,GOOD,Left
189,665,GOOD,Left
203,665,GOOD,Left
217,665,GOOD,Left
231,665,GOOD,Left
245,665,GOOD,Left
259,665,GOOD,Left
273,665,GOOD,Left
287,665,GOOD,Left
301,665,GOOD,Left
315,665,GOOD,Left
329,665,GOOD,Left
343,665,GOOD,Left
357,665,GOOD,Left
371,665,GOOD,Left
385,665,GOOD,Left
399,665,GOOD,Left
413,665,GOOD,Right
427,665,GOOD,Right
441,665,GOOD,Center
455,665,GOOD,Center
469,665,DEFECT,Center
483,665,DEFECT,Center
497,665,GOOD,Center
511,665,GOOD,Center
525,665,GOOD,Center
539,665,GOOD,Center
553,665,GOOD,Center
567,665,GOOD,Center
581,665,GOOD,Center
595,665,GOOD,Center
609,665,GOOD,Center
623,665,GOOD,Center
637,665,GOOD,Center
651,665,GOOD,Center
665,665,GOOD,Center
679,665,GOOD,Center
693,665,GOOD,Center
707,665,GOOD,Center
721,665,GOOD,Center
735,665,GOOD,Center
749,665,GOOD,Center
763,665,GOOD,Center
777,665,GOOD,Right
791,665,GOOD,Right
805,665,GOOD,Right
819,665,GOOD,Right
833,665,GOOD,Right
847,665,GOOD,Right
861,665,GOOD,Right
875,665,GOOD,Right
889,665,GOOD,Right
903,665,GOOD,Right
917,665,GOOD,Right
931,665,GOOD,Right
945,665,GOOD,Right
959,665,GOOD,Right
973,665,GOOD,Right
987,665,GOOD,Right
1001,665,GOOD,Right
1015,665,GOOD,Right
1029,665,GOOD,Right
1043,665,GOOD,Right
1057,665,GOOD,Right
1071,665,GOOD,Edge
1085,665,GOOD,Edge
1099,665,GOOD,Edge
1113,665,GOOD,Edge
1127,665,GOOD,Edge
1141,665,GOOD,Edge
63,679,GOOD,Edge
77,679,GOOD,Edge
91,679,GOOD,Edge
105,679,GOOD,Edge
119,679,GOOD,Edge
133,679,GOOD,Edge
147,679,GOOD,Left
161,679,GOOD,Left
175,679,GOOD,Left
189,679,GOOD,Left
203,679,GOOD,Left
217,679,GOOD,Left
231,679,GOOD,Left
245,679,GOOD,Left
259,679,GOOD,Left
273,679,GOOD,Left
287,679,GOOD,Left
301,679,GOOD,Left
315,679,GOOD,Left
329,679,GOOD,Left
343,679,GOOD,Left
357,679,GOOD,Left
371,679,GOOD,Left
385,679,GOOD,Left
399,679,GOOD,Left
413,679,GOOD,Right
427,679,GOOD,Right
441,679,GOOD,Center
455,679,GOOD,Center
469,679,GOOD,Center
483,679,GOOD,Center
497,679,GOOD,Center
511,679,GOOD,Center
525,679,GOOD,Center
539,679,GOOD,Center
553,679,GOOD,Center
567,679,GOOD,Center
581,679,GOOD,Center
595,679,GOOD,Center
609,679,GOOD,Center
623,679,GOOD,Center
637,679,GOOD,Center
651,679,GOOD,Center
665,679,GOOD,Center
679,679,GOOD,Center
693,679,GOOD,Center
707,679,GOOD,Center
721,679,GOOD,Center
735,679,GOOD,Center
749,679,GOOD,Center
763,679,GOOD,Right
777,679,GOOD,Right
791,679,GOOD,Right
805,679,GOOD,Right
819,679,GOOD,Right
833,679,GOOD,Right
847,679,GOOD,Right
861,679,GOOD,Right
875,679,GOOD,Right
889,679,GOOD,Right
903,679,GOOD,Right
917,679,GOOD,Right
931,679,GOOD,Right
945,679,GOOD,Right
959,679,GOOD,Right
973,679,GOOD,Right
987,679,GOOD,Right
1001,679,GOOD,Right
1015,679,GOOD,Right
1029,679,GOOD,Right
1043,679,GOOD,Right
1057,679,GOOD,Right
1071,679,GOOD,Edge
1085,679,GOOD,Edge
1099,679,GOOD,Edge
1113,679,GOOD,Edge
1127,679,GOOD,Edge
1141,679,GOOD,Edge
63,693,GOOD,Edge
77,693,GOOD,Edge
91,693,GOOD,Edge
105,693,GOOD,Edge
119,693,GOOD,Edge
133,693,GOOD,Edge
147,693,GOOD,Left
161,693,GOOD,Left
175,693,GOOD,Left
189,693,GOOD,Left
203,693,GOOD,Left
217,693,GOOD,Left
231,693,GOOD,Left
245,693,GOOD,Left
259,693,GOOD,Left
273,693,GOOD,Left
287,693,GOOD,Left
301,693,GOOD,Left
315,693,GOOD,Left
329,693,GOOD,Left
343,693,GOOD,Left
357,693,GOOD,Left
371,693,GOOD,Left
385,693,GOOD,Left
399,693,GOOD,Left
413,693,GOOD,Right
427,693,GOOD,Right
441,693,GOOD,Right
455,693,GOOD,Center
469,693,GOOD,Center
483,693,GOOD,Center
497,693,GOOD,Center
511,693,GOOD,Center
525,693,GOOD,Center
539,693,GOOD,Center
553,693,GOOD,Center
567,693,GOOD,Center
581,693,GOOD,Center
595,693,GOOD,Center
609,693,GOOD,Center
623,693,GOOD,Center
637,693,GOOD,Center
651,693,GOOD,Center
665,693,GOOD,Center
679,693,GOOD,Center
693,693,GOOD,Center
707,693,GOOD,Center
721,693,GOOD,Center
735,693,GOOD,Center
749,693,GOOD,Center
763,693,GOOD,Right
777,693,GOOD,Right
791,693,GOOD,Right
805,693,GOOD,Right
819,693,GOOD,Right
833,693,GOOD,Right
847,693,GOOD,Right
861,693,GOOD,Right
875,693,GOOD,Right
889,693,GOOD,Right
903,693,GOOD,Right
917,693,GOOD,Right
931,693,GOOD,Right
945,693,GOOD,Right
959,693,GOOD,Right
973,693,GOOD,Right
987,693,GOOD,Right
1001,693,GOOD,Right
1015,693,GOOD,Right
1029,693,GOOD,Right
1043,693,GOOD,Right
1057,693,GOOD,Right
1071,693,GOOD,Edge
1085,693,GOOD,Edge
1099,693,GOOD,Edge
1113,693,GOOD,Edge
1127,693,GOOD,Edge
1141,693,GOOD,Edge
63,707,GOOD,Edge
77,707,GOOD,Edge
91,707,GOOD,Edge
105,707,GOOD,Edge
119,707,GOOD,Edge
133,707,GOOD,Edge
147,707,GOOD,Left
161,707,GOOD,Left
175,707,GOOD,Left
189,707,GOOD,Left
203,707,GOOD,Left
217,707,GOOD,Left
231,707,GOOD,Left
245,707,GOOD,Left
259,707,GOOD,Left
273,707,GOOD,Left
287,707,GOOD,Left
301,707,GOOD,Left
315,707,GOOD,Left
329,707,GOOD,Left
343,707,GOOD,Left
357,707,GOOD,Left
371,707,GOOD,Left
385,707,GOOD,Left
399,707,GOOD,Left
413,707,GOOD,Right
427,707,GOOD,Right
441,707,GOOD,Right
455,707,GOOD,Right
469,707,GOOD,Center
483,707,GOOD,Center
497,707,GOOD,Center
511,707,GOOD,Center
525,707,GOOD,Center
539,707,GOOD,Center
553,707,GOOD,Center
567,707,GOOD,Center
581,707,GOOD,Center
595,707,GOOD,Center
609,707,GOOD,Center
623,707,GOOD,Center
637,707,GOOD,Center
651,707,GOOD,Center
665,707,GOOD,Center
679,707,GOOD,Center
693,707,GOOD,Center
707,707,GOOD,Center
721,707,GOOD,Center
735,707,GOOD,Center
749,707,GOOD,Right
763,707,GOOD,Right
777,707,GOOD,Right
791,707,GOOD,Right
805,707,GOOD,Right
819,707,GOOD,Right
833,707,GOOD,Right
847,707,GOOD,Right
861,707,GOOD,Right
875,707,GOOD,Right
889,707,GOOD,Right
903,707,GOOD,Right
917,707,GOOD,Right
931,707,GOOD,Right
945,707,GOOD,Right
959,707,GOOD,Right
973,707,GOOD,Right
987,707,GOOD,Right
1001,707,GOOD,Right
1015,707,GOOD,Right
1029,707,GOOD,Right
1043,707,GOOD,Right
1057,707,GOOD,Right
1071,707,GOOD,Edge
1085,707,GOOD,Edge
1099,707,GOOD,Edge
1113,707,GOOD,Edge
1127,707,GOOD,Edge
77,721,GOOD,Edge
91,721,GOOD,Edge
105,721,GOOD,Edge
119,721,GOOD,Edge
133,721,GOOD,Edge
147,721,GOOD,Left
161,721,GOOD,Left
175,721,GOOD,Left
189,721,GOOD,Left
203,721,GOOD,Left
217,721,GOOD,Left
231,721,GOOD,Left
245,721,GOOD,Left
259,721,GOOD,Left
273,721,GOOD,Left
287,721,GOOD,Left
301,721,GOOD,Left
315,721,GOOD,Left
329,721,GOOD,Left
343,721,GOOD,Left
357,721,DEFECT,Left
371,721,GOOD,Left
385,721,GOOD,Left
399,721,GOOD,Left
413,721,GOOD,Right
427,721,GOOD,Right
441,721,GOOD,Right
455,721,GOOD,Right
469,721,GOOD,Center
483,721,GOOD,Center
497,721,GOOD,Center
511,721,GOOD,Center
525,721,GOOD,Center
539,721,GOOD,Center
553,721,GOOD,Center
567,721,GOOD,Center
581,721,GOOD,Center
595,721,GOOD,Center
609,721,DEFECT,Center
623,721,DEFECT,Center
637,721,GOOD,Center
651,721,GOOD,Center
665,721,GOOD,Center
679,721,GOOD,Center
693,721,GOOD,Center
707,721,GOOD,Center
721,721,GOOD,Center
735,721,GOOD,Right
749,721,GOOD,Right
763,721,GOOD,Right
777,721,GOOD,Right
791,721,GOOD,Right
805,721,GOOD,Right
819,721,GOOD,Right
833,721,GOOD,Right
847,721,GOOD,Right
861,721,GOOD,Right
875,721,GOOD,Right
889,721,GOOD,Right
903,721,GOOD,Right
917,721,GOOD,Right
931,721,GOOD,Right
945,721,GOOD,Right
959,721,GOOD,Right
973,721,DEFECT,Right
987,721,DEFECT,Right
1001,721,GOOD,Right
1015,721,GOOD,Right
1029,721,GOOD,Right
1043,721,GOOD,Right
1057,721,GOOD,Edge
1071,721,GOOD,Edge
1085,721,GOOD,Edge
1099,721,GOOD,Edge
1113,721,GOOD,Edge
1127,721,GOOD,Edge
77,735,GOOD,Edge
91,735,GOOD,Edge
105,735,GOOD,Edge
119,735,GOOD,Edge
133,735,GOOD,Edge
147,735,GOOD,Edge
161,735,GOOD,Left
175,735,GOOD,Left
189,735,GOOD,Left
203,735,GOOD,Left
217,735,GOOD,Left
231,735,GOOD,Left
245,735,GOOD,Left
259,735,GOOD,Left
273,735,GOOD,Left
287,735,GOOD,Left
301,735,GOOD,Left
315,735,GOOD,Left
329,735,GOOD,Left
343,735,GOOD,Left
357,735,DEFECT,Left
371,735,GOOD,Left
385,735,GOOD,Left
399,735,GOOD,Left
413,735,GOOD,Right
427,735,GOOD,Right
441,735,GOOD,Right
455,735,GOOD,Right
469,735,GOOD,Right
483,735,GOOD,Center
497,735,GOOD,Center
511,735,GOOD,Center
525,735,GOOD,Center
539,735,GOOD,Center
553,735,GOOD,Center
567,735,GOOD,Center
581,735,GOOD,Center
595,735,GOOD,Center
609,735,DEFECT,Center
623,735,GOOD,Center
637,735,GOOD,Center
651,735,GOOD,Center
665,735,GOOD,Center
679,735,GOOD,Center
693,735,GOOD,Center
707,735,GOOD,Center
721,735,GOOD,Right
735,735,GOOD,Right
749,735,GOOD,Right
763,735,GOOD,Right
777,735,GOOD,Right
791,735,GOOD,Right
805,735,GOOD,Right
819,735,GOOD,Right
833,735,GOOD,Right
847,735,GOOD,Right
861,735,GOOD,Right
875,735,GOOD,Right
889,735,GOOD,Right
903,735,GOOD,Right
917,735,GOOD,Right
931,735,GOOD,Right
945,735,GOOD,Right
959,735,GOOD,Right
973,735,DEFECT,Right
987,735,DEFECT,Right
1001,735,GOOD,Right
1015,735,GOOD,Right
1029,735,GOOD,Right
1043,735,GOOD,Right
1057,735,GOOD,Edge
1071,735,GOOD,Edge
1085,735,GOOD,Edge
1099,735,GOOD,Edge
1113,735,GOOD,Edge
1127,735,GOOD,Edge
77,749,GOOD,Edge
91,749,GOOD,Edge
105,749,GOOD,Edge
119,749,GOOD,Edge
133,749,GOOD,Edge
147,749,GOOD,Edge
161,749,GOOD,Left
175,749,GOOD,Left
189,749,GOOD,Left
203,749,GOOD,Left
217,749,GOOD,Left
231,749,GOOD,Left
245,749,GOOD,Left
259,749,GOOD,Left
273,749,GOOD,Left
287,749,GOOD,Left
301,749,GOOD,Left
315,749,GOOD,Left
329,749,GOOD,Left
343,749,GOOD,Left
357,749,GOOD,Left
371,749,GOOD,Left
385,749,GOOD,Left
399,749,GOOD,Left
413,749,GOOD,Right
427,749,GOOD,Right
441,749,GOOD,Right
455,749,GOOD,Right
469,749,DEFECT,Right
483,749,DEFECT,Right
497,749,GOOD,Right
511,749,GOOD,Center
525,749,GOOD,Center
539,749,GOOD,Center
553,749,GOOD,Center
567,749,GOOD,Center
581,749,GOOD,Center
595,749,GOOD,Center
609,749,GOOD,Center
623,749,GOOD,Center
637,749,GOOD,Center
651,749,GOOD,Center
665,749,GOOD,Center
679,749,GOOD,Center
693,749,GOOD,Center
707,749,GOOD,Right
721,749,GOOD,Right
735,749,GOOD,Right
749,749,GOOD,Right
763,749,GOOD,Right
777,749,GOOD,Right
791,749,GOOD,Right
805,749,GOOD,Right
819,749,GOOD,Right
833,749,GOOD,Right
847,749,GOOD,Right
861,749,GOOD,Right
875,749,GOOD,Right
889,749,GOOD,Right
903,749,GOOD,Right
917,749,GOOD,Right
931,749,GOOD,Right
945,749,GOOD,Right
959,749,GOOD,Right
973,749,GOOD,Right
987,749,GOOD,Right
1001,749,GOOD,Right
1015,749,GOOD,Right
1029,749,GOOD,Right
1043,749,GOOD,Right
1057,749,GOOD,Edge
1071,749,GOOD,Edge
1085,749,GOOD,Edge
1099,749,GOOD,Edge
1113,749,GOOD,Edge
1127,749,GOOD,Edge
77,763,GOOD,Edge
91,763,GOOD,Edge
105,763,GOOD,Edge
119,763,GOOD,Edge
133,763,GOOD,Edge
147,763,GOOD,Edge
161,763,GOOD,Left
175,763,GOOD,Left
189,763,GOOD,Left
203,763,GOOD,Left
217,763,GOOD,Left
231,763,GOOD,Left
245,763,GOOD,Left
259,763,GOOD,Left
273,763,GOOD,Left
287,763,GOOD,Left
301,763,GOOD,Left
315,763,GOOD,Left
329,763,GOOD,Left
343,763,GOOD,Left
357,763,GOOD,Left
371,763,GOOD,Left
385,763,GOOD,Left
399,763,GOOD,Left
413,763,GOOD,Right
427,763,GOOD,Right
441,763,GOOD,Right
455,763,GOOD,Right
469,763,GOOD,Right
483,763,GOOD,Right
497,763,GOOD,Right
511,763,GOOD,Right
525,763,GOOD,Center
539,763,GOOD,Center
553,763,GOOD,Center
567,763,GOOD,Center
581,763,GOOD,Center
595,763,GOOD,Center
609,763,GOOD,Center
623,763,GOOD,Center
637,763,GOOD,Center
651,763,GOOD,Center
665,763,GOOD,Center
679,763,GOOD,Right
693,763,GOOD,Right
707,763,GOOD,Right
721,763,GOOD,Right
735,763,GOOD,Right
749,763,GOOD,Right
763,763,GOOD,Right
777,763,DEFECT,Right
791,763,GOOD,Right
805,763,GOOD,Right
819,763,GOOD,Right
833,763,GOOD,Right
847,763,GOOD,Right
861,763,GOOD,Right
875,763,GOOD,Right
889,763,GOOD,Right
903,763,GOOD,Right
917,763,GOOD,Right
931,763,GOOD,Right
945,763,GOOD,Right
959,763,GOOD,Right
973,763,GOOD,Right
987,763,GOOD,Right
1001,763,GOOD,Right
1015,763,GOOD,Right
1029,763,GOOD,Right
1043,763,GOOD,Edge
1057,763,GOOD,Edge
1071,763,GOOD,Edge
1085,763,GOOD,Edge
1099,763,GOOD,Edge
1113,763,GOOD,Edge
91,777,GOOD,Edge
105,777,GOOD,Edge
119,777,GOOD,Edge
133,777,GOOD,Edge
147,777,GOOD,Edge
161,777,GOOD,Edge
175,777,GOOD,Left
189,777,GOOD,Left
203,777,GOOD,Left
217,777,GOOD,Left
231,777,GOOD,Left
245,777,GOOD,Left
259,777,GOOD,Left
273,777,GOOD,Left
287,777,GOOD,Left
301,777,GOOD,Left
315,777,GOOD,Left
329,777,GOOD,Left
343,777,GOOD,Left
357,777,GOOD,Left
371,777,GOOD,Left
385,777,GOOD,Left
399,777,GOOD,Left
413,777,GOOD,Right
427,777,GOOD,Right
441,777,GOOD,Right
455,777,GOOD,Right
469,777,GOOD,Right
483,777,GOOD,Right
497,777,GOOD,Right
511,777,GOOD,Right
525,777,GOOD,Right
539,777,GOOD,Right
553,777,GOOD,Right
567,777,GOOD,Right
581,777,GOOD,Center
595,777,GOOD,Center
609,777,GOOD,Center
623,777,GOOD,Center
637,777,GOOD,Right
651,777,GOOD,Right
665,777,GOOD,Right
679,777,GOOD,Right
693,777,GOOD,Right
707,777,GOOD,Right
721,777,GOOD,Right
735,777,GOOD,Right
749,777,GOOD,Right
763,777,DEFECT,Right
777,777,DEFECT,Right
791,777,GOOD,Right
805,777,GOOD,Right
819,777,GOOD,Right
833,777,GOOD,Right
847,777,GOOD,Right
861,777,GOOD,Right
875,777,GOOD,Right
889,777,GOOD,Right
903,777,GOOD,Right
917,777,GOOD,Right
931,777,GOOD,Right
945,777,GOOD,Right
959,777,GOOD,Right
973,777,GOOD,Right
987,777,GOOD,Right
1001,777,GOOD,Right
1015,777,GOOD,Right
1029,777,GOOD,Right
1043,777,GOOD,Edge
1057,777,GOOD,Edge
1071,777,GOOD,Edge
1085,777,GOOD,Edge
1099,777,GOOD,Edge
1113,777,GOOD,Edge
91,791,GOOD,Edge
105,791,GOOD,Edge
119,791,GOOD,Edge
133,791,GOOD,Edge
147,791,GOOD,Edge
161,791,GOOD,Edge
175,791,GOOD,Left
189,791,GOOD,Left
203,791,GOOD,Left
217,791,GOOD,Left
231,791,GOOD,Left
245,791,GOOD,Left
259,791,GOOD,Left
273,791,GOOD,Left
287,791,GOOD,Left
301,791,GOOD,Left
315,791,GOOD,Left
329,791,GOOD,Left
343,791,GOOD,Left
357,791,GOOD,Left
371,791,GOOD,Left
385,791,GOOD,Left
399,791,GOOD,Left
413,791,GOOD,Right
427,791,GOOD,Right
441,791,GOOD,Right
455,791,GOOD,Right
469,791,GOOD,Right
483,791,GOOD,Right
497,791,GOOD,Right
511,791,GOOD,Right
525,791,GOOD,Right
539,791,GOOD,Right
553,791,GOOD,Right
567,791,GOOD,Right
581,791,DEFECT,Right
595,791,DEFECT,Right
609,791,GOOD,Right
623,791,GOOD,Right
637,791,GOOD,Right
651,791,GOOD,Right
665,791,GOOD,Right
679,791,GOOD,Right
693,791,GOOD,Right
707,791,GOOD,Right
721,791,GOOD,Right
735,791,GOOD,Right
749,791,GOOD,Right
763,791,GOOD,Right
777,791,GOOD,Right
791,791,GOOD,Right
805,791,GOOD,Right
819,791,GOOD,Right
833,791,GOOD,Right
847,791,GOOD,Right
861,791,GOOD,Right
875,791,GOOD,Right
889,791,GOOD,Right
903,791,GOOD,Right
917,791,GOOD,Right
931,791,GOOD,Right
945,791,GOOD,Right
959,791,DEFECT,Right
973,791,GOOD,Right
987,791,GOOD,Right
1001,791,GOOD,Right
1015,791,GOOD,Right
1029,791,GOOD,Right
1043,791,GOOD,Edge
1057,791,GOOD,Edge
1071,791,GOOD,Edge
1085,791,GOOD,Edge
1099,791,GOOD,Edge
1113,791,GOOD,Edge
91,805,GOOD,Edge
105,805,GOOD,Edge
119,805,GOOD,Edge
133,805,GOOD,Edge
147,805,GOOD,Edge
161,805,GOOD,Edge
175,805,GOOD,Edge
189,805,GOOD,Bottom
203,805,GOOD,Bottom
217,805,GOOD,Bottom
231,805,GOOD,Bottom
245,805,GOOD,Bottom
259,805,GOOD,Bottom
273,805,GOOD,Bottom
287,805,GOOD,Bottom
301,805,GOOD,Bottom
315,805,GOOD,Bottom
329,805,GOOD,Bottom
343,805,GOOD,Bottom
357,805,GOOD,Bottom
371,805,GOOD,Bottom
385,805,GOOD,Bottom
399,805,GOOD,Bottom
413,805,GOOD,Bottom
427,805,GOOD,Bottom
441,805,GOOD,Bottom
455,805,GOOD,Bottom
469,805,GOOD,Bottom
483,805,GOOD,Bottom
497,805,GOOD,Bottom
511,805,GOOD,Bottom
525,805,GOOD,Bottom
539,805,GOOD,Bottom
553,805,GOOD,Bottom
567,805,GOOD,Bottom
581,805,DEFECT,Bottom
595,805,DEFECT,Bottom
609,805,GOOD,Bottom
623,805,GOOD,Bottom
637,805,GOOD,Bottom
651,805,GOOD,Bottom
665,805,GOOD,Bottom
679,805,GOOD,Bottom
693,805,GOOD,Bottom
707,805,GOOD,Bottom
721,805,GOOD,Bottom
735,805,GOOD,Bottom
749,805,GOOD,Bottom
763,805,GOOD,Bottom
777,805,GOOD,Bottom
791,805,GOOD,Bottom
805,805,GOOD,Bottom
819,805,GOOD,Bottom
833,805,GOOD,Bottom
847,805,GOOD,Bottom
861,805,GOOD,Bottom
875,805,GOOD,Bottom
889,805,GOOD,Bottom
903,805,GOOD,Bottom
917,805,GOOD,Bottom
931,805,GOOD,Bottom
945,805,GOOD,Bottom
959,805,DEFECT,Bottom
973,805,GOOD,Bottom
987,805,GOOD,Bottom
1001,805,GOOD,Bottom
1015,805,GOOD,Bottom
1029,805,GOOD,Edge
1043,805,GOOD,Edge
1057,805,GOOD,Edge
1071,805,GOOD,Edge
1085,805,GOOD,Edge
1099,805,GOOD,Edge
105,819,GOOD,Edge
119,819,GOOD,Edge
133,819,GOOD,Edge
147,819,DEFECT,Edge
161,819,DEFECT,Edge
175,819,GOOD,Edge
189,819,GOOD,Bottom
203,819,GOOD,Bottom
217,819,GOOD,Bottom
231,819,GOOD,Bottom
245,819,GOOD,Bottom
259,819,GOOD,Bottom
273,819,GOOD,Bottom
287,819,GOOD,Bottom
301,819,GOOD,Bottom
315,819,GOOD,Bottom
329,819,GOOD,Bottom
343,819,GOOD,Bottom
357,819,GOOD,Bottom
371,819,GOOD,Bottom
385,819,GOOD,Bottom
399,819,GOOD,Bottom
413,819,GOOD,Bottom
427,819,GOOD,Bottom
441,819,GOOD,Bottom
455,819,GOOD,Bottom
469,819,GOOD,Bottom
483,819,GOOD,Bottom
497,819,GOOD,Bottom
511,819,GOOD,Bottom
525,819,GOOD,Bottom
539,819,GOOD,Bottom
553,819,GOOD,Bottom
567,819,GOOD,Bottom
581,819,GOOD,Bottom
595,819,GOOD,Bottom
609,819,GOOD,Bottom
623,819,GOOD,Bottom
637,819,GOOD,Bottom
651,819,DEFECT,Bottom
665,819,DEFECT,Bottom
679,819,GOOD,Bottom
693,819,GOOD,Bottom
707,819,GOOD,Bottom
721,819,GOOD,Bottom
735,819,GOOD,Bottom
749,819,GOOD,Bottom
763,819,GOOD,Bottom
777,819,GOOD,Bottom
791,819,GOOD,Bottom
805,819,GOOD,Bottom
819,819,GOOD,Bottom
833,819,GOOD,Bottom
847,819,GOOD,Bottom
861,819,GOOD,Bottom
875,819,GOOD,Bottom
889,819,GOOD,Bottom
903,819,GOOD,Bottom
917,819,GOOD,Bottom
931,819,GOOD,Bottom
945,819,GOOD,Bottom
959,819,GOOD,Bottom
973,819,GOOD,Bottom
987,819,GOOD,Bottom
1001,819,GOOD,Bottom
1015,819,GOOD,Bottom
1029,819,GOOD,Edge
1043,819,GOOD,Edge
1057,819,GOOD,Edge
1071,819,GOOD,Edge
1085,819,GOOD,Edge
1099,819,GOOD,Edge
105,833,GOOD,Edge
119,833,GOOD,Edge
133,833,GOOD,Edge
147,833,GOOD,Edge
161,833,GOOD,Edge
175,833,GOOD,Edge
189,833,GOOD,Edge
203,833,GOOD,Bottom
217,833,GOOD,Bottom
231,833,GOOD,Bottom
245,833,GOOD,Bottom
259,833,GOOD,Bottom
273,833,GOOD,Bottom
287,833,GOOD,Bottom
301,833,GOOD,Bottom
315,833,GOOD,Bottom
329,833,GOOD,Bottom
343,833,GOOD,Bottom
357,833,GOOD,Bottom
371,833,GOOD,Bottom
385,833,GOOD,Bottom
399,833,GOOD,Bottom
413,833,GOOD,Bottom
427,833,GOOD,Bottom
441,833,GOOD,Bottom
455,833,GOOD,Bottom
469,833,GOOD,Bottom
483,833,GOOD,Bottom
497,833,GOOD,Bottom
511,833,GOOD,Bottom
525,833,GOOD,Bottom
539,833,GOOD,Bottom
553,833,GOOD,Bottom
567,833,GOOD,Bottom
581,833,GOOD,Bottom
595,833,GOOD,Bottom
609,833,GOOD,Bottom
623,833,GOOD,Bottom
637,833,GOOD,Bottom
651,833,GOOD,Bottom
665,833,GOOD,Bottom
679,833,GOOD,Bottom
693,833,GOOD,Bottom
707,833,GOOD,Bottom
721,833,GOOD,Bottom
735,833,GOOD,Bottom
749,833,GOOD,Bottom
763,833,GOOD,Bottom
777,833,GOOD,Bottom
791,833,GOOD,Bottom
805,833,GOOD,Bottom
819,833,GOOD,Bottom
833,833,GOOD,Bottom
847,833,GOOD,Bottom
861,833,GOOD,Bottom
875,833,GOOD,Bottom
889,833,GOOD,Bottom
903,833,GOOD,Bottom
917,833,GOOD,Bottom
931,833,GOOD,Bottom
945,833,GOOD,Bottom
959,833,GOOD,Bottom
973,833,GOOD,Bottom
987,833,GOOD,Bottom
1001,833,GOOD,Bottom
1015,833,GOOD,Edge
1029,833,GOOD,Edge
1043,833,GOOD,Edge
1057,833,GOOD,Edge
1071,833,GOOD,Edge
1085,833,GOOD,Edge
119,847,GOOD,Edge
133,847,GOOD,Edge
147,847,GOOD,Edge
161,847,GOOD,Edge
175,847,GOOD,Edge
189,847,GOOD,Edge
203,847,GOOD,Bottom
217,847,GOOD,Bottom
231,847,GOOD,Bottom
245,847,GOOD,Bottom
259,847,GOOD,Bottom
273,847,GOOD,Bottom
287,847,GOOD,Bottom
301,847,GOOD,Bottom
315,847,GOOD,Bottom
329,847,GOOD,Bottom
343,847,GOOD,Bottom
357,847,GOOD,Bottom
371,847,GOOD,Bottom
385,847,GOOD,Bottom
399,847,GOOD,Bottom
413,847,GOOD,Bottom
427,847,GOOD,Bottom
441,847,GOOD,Bottom
455,847,GOOD,Bottom
469,847,GOOD,Bottom
483,847,GOOD,Bottom
497,847,GOOD,Bottom
511,847,GOOD,Bottom
525,847,GOOD,Bottom
539,847,GOOD,Bottom
553,847,GOOD,Bottom
567,847,GOOD,Bottom
581,847,GOOD,Bottom
595,847,GOOD,Bottom
609,847,GOOD,Bottom
623,847,GOOD,Bottom
637,847,GOOD,Bottom
651,847,GOOD,Bottom
665,847,GOOD,Bottom
679,847,GOOD,Bottom
693,847,GOOD,Bottom
707,847,GOOD,Bottom
721,847,GOOD,Bottom
735,847,GOOD,Bottom
749,847,GOOD,Bottom
763,847,GOOD,Bottom
777,847,GOOD,Bottom
791,847,GOOD,Bottom
805,847,GOOD,Bottom
819,847,GOOD,Bottom
833,847,GOOD,Bottom
847,847,GOOD,Bottom
861,847,GOOD,Bottom
875,847,GOOD,Bottom
889,847,GOOD,Bottom
903,847,GOOD,Bottom
917,847,GOOD,Bottom
931,847,GOOD,Bottom
945,847,GOOD,Bottom
959,847,GOOD,Bottom
973,847,GOOD,Bottom
987,847,GOOD,Bottom
1001,847,GOOD,Edge
1015,847,GOOD,Edge
1029,847,GOOD,Edge
1043,847,GOOD,Edge
1057,847,GOOD,Edge
1071,847,GOOD,Edge
1085,847,GOOD,Edge
119,861,GOOD,Edge
133,861,GOOD,Edge
147,861,GOOD,Edge
161,861,GOOD,Edge
175,861,GOOD,Edge
189,861,GOOD,Edge
203,861,GOOD,Edge
217,861,GOOD,Bottom
231,861,GOOD,Bottom
245,861,GOOD,Bottom
259,861,GOOD,Bottom
273,861,GOOD,Bottom
287,861,GOOD,Bottom
301,861,GOOD,Bottom
315,861,GOOD,Bottom
329,861,GOOD,Bottom
343,861,GOOD,Bottom
357,861,GOOD,Bottom
371,861,GOOD,Bottom
385,861,GOOD,Bottom
399,861,GOOD,Bottom
413,861,GOOD,Bottom
427,861,GOOD,Bottom
441,861,GOOD,Bottom
455,861,GOOD,Bottom
469,861,GOOD,Bottom
483,861,GOOD,Bottom
497,861,GOOD,Bottom
511,861,GOOD,Bottom
525,861,GOOD,Bottom
539,861,GOOD,Bottom
553,861,GOOD,Bottom
567,861,GOOD,Bottom
581,861,GOOD,Bottom
595,861,GOOD,Bottom
609,861,GOOD,Bottom
623,861,GOOD,Bottom
637,861,GOOD,Bottom
651,861,GOOD,Bottom
665,861,GOOD,Bottom
679,861,GOOD,Bottom
693,861,GOOD,Bottom
707,861,GOOD,Bottom
721,861,GOOD,Bottom
735,861,GOOD,Bottom
749,861,GOOD,Bottom
763,861,GOOD,Bottom
777,861,GOOD,Bottom
791,861,GOOD,Bottom
805,861,GOOD,Bottom
819,861,GOOD,Bottom
833,861,GOOD,Bottom
847,861,GOOD,Bottom
861,861,GOOD,Bottom
875,861,GOOD,Bottom
889,861,GOOD,Bottom
903,861,GOOD,Bottom
917,861,GOOD,Bottom
931,861,GOOD,Bottom
945,861,GOOD,Bottom
959,861,GOOD,Bottom
973,861,GOOD,Bottom
987,861,GOOD,Bottom
1001,861,GOOD,Edge
1015,861,GOOD,Edge
1029,861,GOOD,Edge
1043,861,GOOD,Edge
1057,861,GOOD,Edge
1071,861,GOOD,Edge
133,875,GOOD,Edge
147,875,GOOD,Edge
161,875,GOOD,Edge
175,875,GOOD,Edge
189,875,GOOD,Edge
203,875,GOOD,Edge
217,875,GOOD,Edge
231,875,GOOD,Bottom
245,875,GOOD,Bottom
259,875,GOOD,Bottom
273,875,GOOD,Bottom
287,875,GOOD,Bottom
301,875,GOOD,Bottom
315,875,GOOD,Bottom
329,875,GOOD,Bottom
343,875,GOOD,Bottom
357,875,GOOD,Bottom
371,875,GOOD,Bottom
385,875,GOOD,Bottom
399,875,GOOD,Bottom
413,875,GOOD,Bottom
427,875,GOOD,Bottom
441,875,GOOD,Bottom
455,875,GOOD,Bottom
469,875,GOOD,Bottom
483,875,GOOD,Bottom
497,875,GOOD,Bottom
511,875,GOOD,Bottom
525,875,GOOD,Bottom
539,875,GOOD,Bottom
553,875,GOOD,Bottom
567,875,GOOD,Bottom
581,875,GOOD,Bottom
595,875,GOOD,Bottom
609,875,GOOD,Bottom
623,875,GOOD,Bottom
637,875,GOOD,Bottom
651,875,GOOD,Bottom
665,875,GOOD,Bottom
679,875,GOOD,Bottom
693,875,GOOD,Bottom
707,875,GOOD,Bottom
721,875,GOOD,Bottom
735,875,GOOD,Bottom
749,875,GOOD,Bottom
763,875,GOOD,Bottom
777,875,GOOD,Bottom
791,875,GOOD,Bottom
805,875,GOOD,Bottom
819,875,GOOD,Bottom
833,875,GOOD,Bottom
847,875,GOOD,Bottom
861,875,GOOD,Bottom
875,875,GOOD,Bottom
889,875,GOOD,Bottom
903,875,GOOD,Bottom
917,875,GOOD,Bottom
931,875,GOOD,Bottom
945,875,GOOD,Bottom
959,875,GOOD,Bottom
973,875,GOOD,Bottom
987,875,GOOD,Edge
1001,875,GOOD,Edge
1015,875,GOOD,Edge
1029,875,GOOD,Edge
1043,875,GOOD,Edge
1057,875,GOOD,Edge
1071,875,GOOD,Edge
133,889,GOOD,Edge
147,889,GOOD,Edge
161,889,GOOD,Edge
175,889,GOOD,Edge
189,889,GOOD,Edge
203,889,GOOD,Edge
217,889,GOOD,Edge
231,889,GOOD,Bottom
245,889,GOOD,Bottom
259,889,GOOD,Bottom
273,889,GOOD,Bottom
287,889,GOOD,Bottom
301,889,GOOD,Bottom
315,889,GOOD,Bottom
329,889,GOOD,Bottom
343,889,GOOD,Bottom
357,889,GOOD,Bottom
371,889,GOOD,Bottom
385,889,GOOD,Bottom
399,889,GOOD,Bottom
413,889,GOOD,Bottom
427,889,GOOD,Bottom
441,889,GOOD,Bottom
455,889,GOOD,Bottom
469,889,GOOD,Bottom
483,889,GOOD,Bottom
497,889,GOOD,Bottom
511,889,GOOD,Bottom
525,889,GOOD,Bottom
539,889,GOOD,Bottom
553,889,GOOD,Bottom
567,889,GOOD,Bottom
581,889,GOOD,Bottom
595,889,GOOD,Bottom
609,889,GOOD,Bottom
623,889,GOOD,Bottom
637,889,GOOD,Bottom
651,889,GOOD,Bottom
665,889,GOOD,Bottom
679,889,GOOD,Bottom
693,889,GOOD,Bottom
707,889,GOOD,Bottom
721,889,GOOD,Bottom
735,889,GOOD,Bottom
749,889,GOOD,Bottom
763,889,GOOD,Bottom
777,889,GOOD,Bottom
791,889,GOOD,Bottom
805,889,GOOD,Bottom
819,889,GOOD,Bottom
833,889,GOOD,Bottom
847,889,GOOD,Bottom
861,889,GOOD,Bottom
875,889,GOOD,Bottom
889,889,GOOD,Bottom
903,889,GOOD,Bottom
917,889,GOOD,Bottom
931,889,GOOD,Bottom
945,889,GOOD,Bottom
959,889,GOOD,Bottom
973,889,GOOD,Edge
987,889,GOOD,Edge
1001,889,GOOD,Edge
1015,889,GOOD,Edge
1029,889,GOOD,Edge
1043,889,GOOD,Edge
1057,889,GOOD,Edge
147,903,GOOD,Edge
161,903,GOOD,Edge
175,903,GOOD,Edge
189,903,GOOD,Edge
203,903,GOOD,Edge
217,903,GOOD,Edge
231,903,GOOD,Edge
245,903,GOOD,Bottom
259,903,GOOD,Bottom
273,903,GOOD,Bottom
287,903,GOOD,Bottom
301,903,GOOD,Bottom
315,903,GOOD,Bottom
329,903,GOOD,Bottom
343,903,GOOD,Bottom
357,903,GOOD,Bottom
371,903,GOOD,Bottom
385,903,GOOD,Bottom
399,903,GOOD,Bottom
413,903,GOOD,Bottom
427,903,GOOD,Bottom
441,903,GOOD,Bottom
455,903,GOOD,Bottom
469,903,GOOD,Bottom
483,903,GOOD,Bottom
497,903,GOOD,Bottom
511,903,GOOD,Bottom
525,903,GOOD,Bottom
539,903,GOOD,Bottom
553,903,GOOD,Bottom
567,903,GOOD,Bottom
581,903,GOOD,Bottom
595,903,GOOD,Bottom
609,903,GOOD,Bottom
623,903,GOOD,Bottom
637,903,GOOD,Bottom
651,903,GOOD,Bottom
665,903,GOOD,Bottom
679,903,GOOD,Bottom
693,903,GOOD,Bottom
707,903,GOOD,Bottom
721,903,GOOD,Bottom
735,903,GOOD,Bottom
749,903,GOOD,Bottom
763,903,GOOD,Bottom
777,903,GOOD,Bottom
791,903,GOOD,Bottom
805,903,GOOD,Bottom
819,903,DEFECT,Bottom
833,903,GOOD,Bottom
847,903,GOOD,Bottom
861,903,GOOD,Bottom
875,903,GOOD,Bottom
889,903,GOOD,Bottom
903,903,GOOD,Bottom
917,903,GOOD,Bottom
931,903,GOOD,Bottom
945,903,GOOD,Bottom
959,903,GOOD,Bottom
973,903,GOOD,Edge
987,903,GOOD,Edge
1001,903,GOOD,Edge
1015,903,GOOD,Edge
1029,903,GOOD,Edge
1043,903,GOOD,Edge
1057,903,GOOD,Edge
161,917,GOOD,Edge
175,917,GOOD,Edge
189,917,GOOD,Edge
203,917,GOOD,Edge
217,917,GOOD,Edge
231,917,GOOD,Edge
245,917,GOOD,Edge
259,917,GOOD,Bottom
273,917,GOOD,Bottom
287,917,GOOD,Bottom
301,917,GOOD,Bottom
315,917,GOOD,Bottom
329,917,GOOD,Bottom
343,917,GOOD,Bottom
357,917,GOOD,Bottom
371,917,GOOD,Bottom
385,917,GOOD,Bottom
399,917,GOOD,Bottom
413,917,GOOD,Bottom
427,917,GOOD,Bottom
441,917,GOOD,Bottom
455,917,GOOD,Bottom
469,917,GOOD,Bottom
483,917,GOOD,Bottom
497,917,GOOD,Bottom
511,917,GOOD,Bottom
525,917,GOOD,Bottom
539,917,GOOD,Bottom
553,917,GOOD,Bottom
567,917,GOOD,Bottom
581,917,GOOD,Bottom
595,917,GOOD,Bottom
609,917,GOOD,Bottom
623,917,GOOD,Bottom
637,917,GOOD,Bottom
651,917,GOOD,Bottom
665,917,GOOD,Bottom
679,917,GOOD,Bottom
693,917,GOOD,Bottom
707,917,GOOD,Bottom
721,917,GOOD,Bottom
735,917,GOOD,Bottom
749,917,GOOD,Bottom
763,917,GOOD,Bottom
777,917,GOOD,Bottom
791,917,GOOD,Bottom
805,917,GOOD,Bottom
819,917,DEFECT,Bottom
833,917,GOOD,Bottom
847,917,GOOD,Bottom
861,917,GOOD,Bottom
875,917,GOOD,Bottom
889,917,GOOD,Bottom
903,917,GOOD,Bottom
917,917,GOOD,Bottom
931,917,GOOD,Bottom
945,917,GOOD,Bottom
959,917,GOOD,Edge
973,917,GOOD,Edge
987,917,GOOD,Edge
1001,917,GOOD,Edge
1015,917,GOOD,Edge
1029,917,GOOD,Edge
1043,917,GOOD,Edge
161,931,GOOD,Edge
175,931,GOOD,Edge
189,931,GOOD,Edge
203,931,GOOD,Edge
217,931,GOOD,Edge
231,931,GOOD,Edge
245,931,GOOD,Edge
259,931,GOOD,Edge
273,931,GOOD,Bottom
287,931,GOOD,Bottom
301,931,GOOD,Bottom
315,931,GOOD,Bottom
329,931,GOOD,Bottom
343,931,GOOD,Bottom
357,931,GOOD,Bottom
371,931,GOOD,Bottom
385,931,GOOD,Bottom
399,931,GOOD,Bottom
413,931,GOOD,Bottom
427,931,GOOD,Bottom
441,931,GOOD,Bottom
455,931,GOOD,Bottom
469,931,GOOD,Bottom
483,931,GOOD,Bottom
497,931,GOOD,Bottom
511,931,GOOD,Bottom
525,931,GOOD,Bottom
539,931,GOOD,Bottom
553,931,GOOD,Bottom
567,931,GOOD,Bottom
581,931,GOOD,Bottom
595,931,GOOD,Bottom
609,931,GOOD,Bottom
623,931,GOOD,Bottom
637,931,GOOD,Bottom
651,931,GOOD,Bottom
665,931,GOOD,Bottom
679,931,GOOD,Bottom
693,931,GOOD,Bottom
707,931,GOOD,Bottom
721,931,GOOD,Bottom
735,931,GOOD,Bottom
749,931,GOOD,Bottom
763,931,GOOD,Bottom
777,931,GOOD,Bottom
791,931,GOOD,Bottom
805,931,GOOD,Bottom
819,931,GOOD,Bottom
833,931,GOOD,Bottom
847,931,GOOD,Bottom
861,931,GOOD,Bottom
875,931,GOOD,Bottom
889,931,GOOD,Bottom
903,931,GOOD,Bottom
917,931,GOOD,Bottom
931,931,GOOD,Bottom
945,931,GOOD,Edge
959,931,GOOD,Edge
973,931,GOOD,Edge
987,931,GOOD,Edge
1001,931,GOOD,Edge
1015,931,GOOD,Edge
1029,931,GOOD,Edge
175,945,GOOD,Edge
189,945,GOOD,Edge
203,945,GOOD,Edge
217,945,GOOD,Edge
231,945,GOOD,Edge
245,945,GOOD,Edge
259,945,GOOD,Edge
273,945,GOOD,Edge
287,945,GOOD,Bottom
301,945,GOOD,Bottom
315,945,GOOD,Bottom
329,945,GOOD,Bottom
343,945,GOOD,Bottom
357,945,GOOD,Bottom
371,945,GOOD,Bottom
385,945,GOOD,Bottom
399,945,GOOD,Bottom
413,945,GOOD,Bottom
427,945,GOOD,Bottom
441,945,GOOD,Bottom
455,945,GOOD,Bottom
469,945,GOOD,Bottom
483,945,GOOD,Bottom
497,945,GOOD,Bottom
511,945,GOOD,Bottom
525,945,GOOD,Bottom
539,945,GOOD,Bottom
553,945,GOOD,Bottom
567,945,GOOD,Bottom
581,945,GOOD,Bottom
595,945,DEFECT,Bottom
609,945,GOOD,Bottom
623,945,GOOD,Bottom
637,945,GOOD,Bottom
651,945,GOOD,Bottom
665,945,GOOD,Bottom
679,945,GOOD,Bottom
693,945,GOOD,Bottom
707,945,GOOD,Bottom
721,945,GOOD,Bottom
735,945,GOOD,Bottom
749,945,DEFECT,Bottom
763,945,GOOD,Bottom
777,945,GOOD,Bottom
791,945,GOOD,Bottom
805,945,GOOD,Bottom
819,945,GOOD,Bottom
833,945,GOOD,Bottom
847,945,GOOD,Bottom
861,945,GOOD,Bottom
875,945,GOOD,Bottom
889,945,GOOD,Bottom
903,945,GOOD,Bottom
917,945,GOOD,Bottom
931,945,GOOD,Edge
945,945,GOOD,Edge
959,945,GOOD,Edge
973,945,GOOD,Edge
987,945,GOOD,Edge
1001,945,GOOD,Edge
1015,945,GOOD,Edge
189,959,GOOD,Edge
203,959,GOOD,Edge
217,959,GOOD,Edge
231,959,GOOD,Edge
245,959,GOOD,Edge
259,959,GOOD,Edge
273,959,GOOD,Edge
287,959,GOOD,Edge
301,959,GOOD,Bottom
315,959,GOOD,Bottom
329,959,GOOD,Bottom
343,959,GOOD,Bottom
357,959,GOOD,Bottom
371,959,GOOD,Bottom
385,959,GOOD,Bottom
399,959,GOOD,Bottom
413,959,GOOD,Bottom
427,959,GOOD,Bottom
441,959,GOOD,Bottom
455,959,GOOD,Bottom
469,959,GOOD,Bottom
483,959,GOOD,Bottom
497,959,GOOD,Bottom
511,959,GOOD,Bottom
525,959,GOOD,Bottom
539,959,GOOD,Bottom
553,959,GOOD,Bottom
567,959,GOOD,Bottom
581,959,DEFECT,Bottom
595,959,DEFECT,Bottom
609,959,GOOD,Bottom
623,959,GOOD,Bottom
637,959,GOOD,Bottom
651,959,GOOD,Bottom
665,959,GOOD,Bottom
679,959,GOOD,Bottom
693,959,GOOD,Bottom
707,959,GOOD,Bottom
721,959,GOOD,Bottom
735,959,GOOD,Bottom
749,959,DEFECT,Bottom
763,959,DEFECT,Bottom
777,959,GOOD,Bottom
791,959,GOOD,Bottom
805,959,GOOD,Bottom
819,959,GOOD,Bottom
833,959,GOOD,Bottom
847,959,GOOD,Bottom
861,959,GOOD,Bottom
875,959,GOOD,Bottom
889,959,GOOD,Bottom
903,959,GOOD,Bottom
917,959,GOOD,Edge
931,959,GOOD,Edge
945,959,GOOD,Edge
959,959,GOOD,Edge
973,959,GOOD,Edge
987,959,GOOD,Edge
1001,959,GOOD,Edge
1015,959,GOOD,Edge
203,973,GOOD,Edge
217,973,GOOD,Edge
231,973,GOOD,Edge
245,973,GOOD,Edge
259,973,GOOD,Edge
273,973,GOOD,Edge
287,973,GOOD,Edge
301,973,GOOD,Edge
315,973,GOOD,Bottom
329,973,GOOD,Bottom
343,973,GOOD,Bottom
357,973,DEFECT,Bottom
371,973,GOOD,Bottom
385,973,GOOD,Bottom
399,973,GOOD,Bottom
413,973,GOOD,Bottom
427,973,GOOD,Bottom
441,973,GOOD,Bottom
455,973,GOOD,Bottom
469,973,GOOD,Bottom
483,973,GOOD,Bottom
497,973,GOOD,Bottom
511,973,GOOD,Bottom
525,973,GOOD,Bottom
539,973,GOOD,Bottom
553,973,GOOD,Bottom
567,973,GOOD,Bottom
581,973,GOOD,Bottom
595,973,GOOD,Bottom
609,973,GOOD,Bottom
623,973,GOOD,Bottom
637,973,GOOD,Bottom
651,973,GOOD,Bottom
665,973,GOOD,Bottom
679,973,GOOD,Bottom
693,973,GOOD,Bottom
707,973,GOOD,Bottom
721,973,GOOD,Bottom
735,973,GOOD,Bottom
749,973,GOOD,Bottom
763,973,GOOD,Bottom
777,973,GOOD,Bottom
791,973,GOOD,Bottom
805,973,GOOD,Bottom
819,973,GOOD,Bottom
833,973,GOOD,Bottom
847,973,GOOD,Bottom
861,973,GOOD,Bottom
875,973,GOOD,Bottom
889,973,GOOD,Edge
903,973,GOOD,Edge
917,973,GOOD,Edge
931,973,GOOD,Edge
945,973,GOOD,Edge
959,973,GOOD,Edge
973,973,GOOD,Edge
987,973,GOOD,Edge
1001,973,GOOD,Edge
217,987,GOOD,Edge
231,987,GOOD,Edge
245,987,GOOD,Edge
259,987,GOOD,Edge
273,987,GOOD,Edge
287,987,GOOD,Edge
301,987,GOOD,Edge
315,987,GOOD,Edge
329,987,GOOD,Edge
343,987,GOOD,Bottom
357,987,DEFECT,Bottom
371,987,GOOD,Bottom
385,987,GOOD,Bottom
399,987,GOOD,Bottom
413,987,GOOD,Bottom
427,987,GOOD,Bottom
441,987,GOOD,Bottom
455,987,GOOD,Bottom
469,987,GOOD,Bottom
483,987,GOOD,Bottom
497,987,GOOD,Bottom
511,987,GOOD,Bottom
525,987,GOOD,Bottom
539,987,GOOD,Bottom
553,987,GOOD,Bottom
567,987,GOOD,Bottom
581,987,GOOD,Bottom
595,987,GOOD,Bottom
609,987,GOOD,Bottom
623,987,GOOD,Bottom
637,987,GOOD,Bottom
651,987,GOOD,Bottom
665,987,GOOD,Bottom
679,987,GOOD,Bottom
693,987,GOOD,Bottom
707,987,GOOD,Bottom
721,987,GOOD,Bottom
735,987,GOOD,Bottom
749,987,GOOD,Bottom
763,987,GOOD,Bottom
777,987,GOOD,Bottom
791,987,GOOD,Bottom
805,987,GOOD,Bottom
819,987,GOOD,Bottom
833,987,GOOD,Bottom
847,987,GOOD,Bottom
861,987,GOOD,Bottom
875,987,GOOD,Edge
889,987,GOOD,Edge
903,987,GOOD,Edge
917,987,GOOD,Edge
931,987,GOOD,Edge
945,987,GOOD,Edge
959,987,GOOD,Edge
973,987,GOOD,Edge
987,987,GOOD,Edge
231,1001,GOOD,Edge
245,1001,GOOD,Edge
259,1001,GOOD,Edge
273,1001,GOOD,Edge
287,1001,GOOD,Edge
301,1001,GOOD,Edge
315,1001,GOOD,Edge
329,1001,GOOD,Edge
343,1001,GOOD,Edge
357,1001,GOOD,Bottom
371,1001,GOOD,Bottom
385,1001,GOOD,Bottom
399,1001,GOOD,Bottom
413,1001,GOOD,Bottom
427,1001,GOOD,Bottom
441,1001,GOOD,Bottom
455,1001,GOOD,Bottom
469,1001,GOOD,Bottom
483,1001,GOOD,Bottom
497,1001,GOOD,Bottom
511,1001,DEFECT,Bottom
525,1001,DEFECT,Bottom
539,1001,GOOD,Bottom
553,1001,GOOD,Bottom
567,1001,GOOD,Bottom
581,1001,GOOD,Bottom
595,1001,GOOD,Bottom
609,1001,DEFECT,Bottom
623,1001,DEFECT,Bottom
637,1001,GOOD,Bottom
651,1001,GOOD,Bottom
665,1001,GOOD,Bottom
679,1001,GOOD,Bottom
693,1001,GOOD,Bottom
707,1001,GOOD,Bottom
721,1001,GOOD,Bottom
735,1001,GOOD,Bottom
749,1001,GOOD,Bottom
763,1001,GOOD,Bottom
777,1001,GOOD,Bottom
791,1001,GOOD,Bottom
805,1001,GOOD,Bottom
819,1001,GOOD,Bottom
833,1001,GOOD,Bottom
847,1001,GOOD,Edge
861,1001,GOOD,Edge
875,1001,GOOD,Edge
889,1001,GOOD,Edge
903,1001,GOOD,Edge
917,1001,GOOD,Edge
931,1001,GOOD,Edge
945,1001,GOOD,Edge
959,1001,GOOD,Edge
973,1001,GOOD,Edge
245,1015,GOOD,Edge
259,1015,GOOD,Edge
273,1015,GOOD,Edge
287,1015,GOOD,Edge
301,1015,GOOD,Edge
315,1015,GOOD,Edge
329,1015,GOOD,Edge
343,1015,GOOD,Edge
357,1015,GOOD,Edge
371,1015,GOOD,Edge
385,1015,GOOD,Bottom
399,1015,GOOD,Bottom
413,1015,GOOD,Bottom
427,1015,GOOD,Bottom
441,1015,GOOD,Bottom
455,1015,GOOD,Bottom
469,1015,GOOD,Bottom
483,1015,GOOD,Bottom
497,1015,GOOD,Bottom
511,1015,GOOD,Bottom
525,1015,DEFECT,Bottom
539,1015,GOOD,Bottom
553,1015,GOOD,Bottom
567,1015,GOOD,Bottom
581,1015,GOOD,Bottom
595,1015,GOOD,Bottom
609,1015,DEFECT,Bottom
623,1015,GOOD,Bottom
637,1015,GOOD,Bottom
651,1015,DEFECT,Bottom
665,1015,DEFECT,Bottom
679,1015,GOOD,Bottom
693,1015,GOOD,Bottom
707,1015,GOOD,Bottom
721,1015,GOOD,Bottom
735,1015,GOOD,Bottom
749,1015,GOOD,Bottom
763,1015,GOOD,Bottom
777,1015,GOOD,Bottom
791,1015,GOOD,Bottom
805,1015,GOOD,Bottom
819,1015,DEFECT,Bottom
833,1015,GOOD,Edge
847,1015,GOOD,Edge
861,1015,GOOD,Edge
875,1015,GOOD,Edge
889,1015,GOOD,Edge
903,1015,GOOD,Edge
917,1015,GOOD,Edge
931,1015,GOOD,Edge
945,1015,GOOD,Edge
959,1015,GOOD,Edge
259,1029,GOOD,Edge
273,1029,GOOD,Edge
287,1029,GOOD,Edge
301,1029,GOOD,Edge
315,1029,GOOD,Edge
329,1029,GOOD,Edge
343,1029,GOOD,Edge
357,1029,GOOD,Edge
371,1029,GOOD,Edge
385,1029,GOOD,Edge
399,1029,GOOD,Edge
413,1029,GOOD,Bottom
427,1029,GOOD,Bottom
441,1029,GOOD,Bottom
455,1029,GOOD,Bottom
469,1029,GOOD,Bottom
483,1029,GOOD,Bottom
497,1029,GOOD,Bottom
511,1029,GOOD,Bottom
525,1029,GOOD,Bottom
539,1029,GOOD,Bottom
553,1029,GOOD,Bottom
567,1029,GOOD,Bottom
581,1029,GOOD,Bottom
595,1029,GOOD,Bottom
609,1029,GOOD,Bottom
623,1029,GOOD,Bottom
637,1029,GOOD,Bottom
651,1029,DEFECT,Bottom
665,1029,DEFECT,Bottom
679,1029,GOOD,Bottom
693,1029,GOOD,Bottom
707,1029,GOOD,Bottom
721,1029,GOOD,Bottom
735,1029,GOOD,Bottom
749,1029,GOOD,Bottom
763,1029,GOOD,Bottom
777,1029,GOOD,Bottom
791,1029,GOOD,Bottom
805,1029,GOOD,Edge
819,1029,DEFECT,Edge
833,1029,DEFECT,Edge
847,1029,GOOD,Edge
861,1029,GOOD,Edge
875,1029,GOOD,Edge
889,1029,GOOD,Edge
903,1029,GOOD,Edge
917,1029,GOOD,Edge
931,1029,GOOD,Edge
287,1043,GOOD,Edge
301,1043,GOOD,Edge
315,1043,GOOD,Edge
329,1043,GOOD,Edge
343,1043,GOOD,Edge
357,1043,GOOD,Edge
371,1043,GOOD,Edge
385,1043,GOOD,Edge
399,1043,GOOD,Edge
413,1043,GOOD,Edge
427,1043,GOOD,Edge
441,1043,GOOD,Edge
455,1043,GOOD,Bottom
469,1043,GOOD,Bottom
483,1043,GOOD,Bottom
497,1043,GOOD,Bottom
511,1043,GOOD,Bottom
525,1043,GOOD,Bottom
539,1043,GOOD,Bottom
553,1043,GOOD,Bottom
567,1043,GOOD,Bottom
581,1043,GOOD,Bottom
595,1043,GOOD,Bottom
609,1043,GOOD,Bottom
623,1043,GOOD,Bottom
637,1043,GOOD,Bottom
651,1043,GOOD,Bottom
665,1043,GOOD,Bottom
679,1043,GOOD,Bottom
693,1043,GOOD,Bottom
707,1043,GOOD,Bottom
721,1043,GOOD,Bottom
735,1043,GOOD,Bottom
749,1043,GOOD,Bottom
763,1043,GOOD,Edge
777,1043,GOOD,Edge
791,1043,GOOD,Edge
805,1043,GOOD,Edge
819,1043,GOOD,Edge
833,1043,GOOD,Edge
847,1043,GOOD,Edge
861,1043,GOOD,Edge
875,1043,GOOD,Edge
889,1043,DEFECT,Edge
903,1043,GOOD,Edge
917,1043,GOOD,Edge
301,1057,GOOD,Edge
315,1057,GOOD,Edge
329,1057,GOOD,Edge
343,1057,GOOD,Edge
357,1057,GOOD,Edge
371,1057,GOOD,Edge
385,1057,GOOD,Edge
399,1057,GOOD,Edge
413,1057,GOOD,Edge
427,1057,GOOD,Edge
441,1057,GOOD,Edge
455,1057,GOOD,Edge
469,1057,GOOD,Edge
483,1057,GOOD,Edge
497,1057,GOOD,Bottom
511,1057,GOOD,Bottom
525,1057,GOOD,Bottom
539,1057,GOOD,Bottom
553,1057,GOOD,Bottom
567,1057,GOOD,Bottom
581,1057,GOOD,Bottom
595,1057,GOOD,Bottom
609,1057,GOOD,Bottom
623,1057,GOOD,Bottom
637,1057,GOOD,Bottom
651,1057,GOOD,Bottom
665,1057,GOOD,Bottom
679,1057,GOOD,Bottom
693,1057,GOOD,Bottom
707,1057,GOOD,Bottom
721,1057,GOOD,Edge
735,1057,GOOD,Edge
749,1057,GOOD,Edge
763,1057,GOOD,Edge
777,1057,GOOD,Edge
791,1057,GOOD,Edge
805,1057,GOOD,Edge
819,1057,GOOD,Edge
833,1057,GOOD,Edge
847,1057,GOOD,Edge
861,1057,GOOD,Edge
875,1057,GOOD,Edge
889,1057,DEFECT,Edge
903,1057,GOOD,Edge
329,1071,GOOD,Edge
343,1071,GOOD,Edge
357,1071,GOOD,Edge
371,1071,GOOD,Edge
385,1071,GOOD,Edge
399,1071,GOOD,Edge
413,1071,GOOD,Edge
427,1071,GOOD,Edge
441,1071,GOOD,Edge
455,1071,GOOD,Edge
469,1071,GOOD,Edge
483,1071,GOOD,Edge
497,1071,GOOD,Edge
511,1071,GOOD,Edge
525,1071,GOOD,Edge
539,1071,GOOD,Edge
553,1071,GOOD,Edge
567,1071,GOOD,Edge
581,1071,GOOD,Edge
595,1071,GOOD,Edge
609,1071,GOOD,Edge
623,1071,GOOD,Edge
637,1071,GOOD,Edge
651,1071,GOOD,Edge
665,1071,GOOD,Edge
679,1071,GOOD,Edge
693,1071,GOOD,Edge
707,1071,GOOD,Edge
721,1071,GOOD,Edge
735,1071,GOOD,Edge
749,1071,GOOD,Edge
763,1071,GOOD,Edge
777,1071,GOOD,Edge
791,1071,GOOD,Edge
805,1071,GOOD,Edge
819,1071,GOOD,Edge
833,1071,GOOD,Edge
847,1071,GOOD,Edge
861,1071,GOOD,Edge
875,1071,GOOD,Edge
343,1085,GOOD,Edge
357,1085,GOOD,Edge
371,1085,GOOD,Edge
385,1085,GOOD,Edge
399,1085,GOOD,Edge
413,1085,GOOD,Edge
427,1085,GOOD,Edge
441,1085,GOOD,Edge
455,1085,GOOD,Edge
469,1085,GOOD,Edge
483,1085,GOOD,Edge
497,1085,DEFECT,Edge
511,1085,GOOD,Edge
525,1085,GOOD,Edge
539,1085,GOOD,Edge
553,1085,GOOD,Edge
567,1085,GOOD,Edge
581,1085,GOOD,Edge
595,1085,GOOD,Edge
609,1085,DEFECT,Edge
623,1085,GOOD,Edge
637,1085,GOOD,Edge
651,1085,GOOD,Edge
665,1085,GOOD,Edge
679,1085,GOOD,Edge
693,1085,GOOD,Edge
707,1085,GOOD,Edge
721,1085,GOOD,Edge
735,1085,GOOD,Edge
749,1085,GOOD,Edge
763,1085,GOOD,Edge
777,1085,GOOD,Edge
791,1085,GOOD,Edge
805,1085,GOOD,Edge
819,1085,GOOD,Edge
833,1085,GOOD,Edge
847,1085,GOOD,Edge
371,1099,GOOD,Edge
385,1099,GOOD,Edge
399,1099,GOOD,Edge
413,1099,GOOD,Edge
427,1099,GOOD,Edge
441,1099,GOOD,Edge
455,1099,GOOD,Edge
469,1099,GOOD,Edge
483,1099,GOOD,Edge
497,1099,DEFECT,Edge
511,1099,GOOD,Edge
525,1099,GOOD,Edge
539,1099,GOOD,Edge
553,1099,GOOD,Edge
567,1099,GOOD,Edge
581,1099,GOOD,Edge
595,1099,GOOD,Edge
609,1099,DEFECT,Edge
623,1099,DEFECT,Edge
637,1099,GOOD,Edge
651,1099,GOOD,Edge
665,1099,GOOD,Edge
679,1099,GOOD,Edge
693,1099,GOOD,Edge
707,1099,GOOD,Edge
721,1099,GOOD,Edge
735,1099,GOOD,Edge
749,1099,GOOD,Edge
763,1099,GOOD,Edge
777,1099,GOOD,Edge
791,1099,GOOD,Edge
805,1099,GOOD,Edge
819,1099,GOOD,Edge
413,1113,GOOD,Edge
427,1113,GOOD,Edge
441,1113,GOOD,Edge
455,1113,GOOD,Edge
469,1113,GOOD,Edge
483,1113,GOOD,Edge
497,1113,GOOD,Edge
511,1113,GOOD,Edge
525,1113,GOOD,Edge
539,1113,GOOD,Edge
553,1113,GOOD,Edge
567,1113,GOOD,Edge
581,1113,GOOD,Edge
595,1113,GOOD,Edge
609,1113,GOOD,Edge
623,1113,GOOD,Edge
637,1113,GOOD,Edge
651,1113,GOOD,Edge
665,1113,GOOD,Edge
679,1113,GOOD,Edge
693,1113,GOOD,Edge
707,1113,GOOD,Edge
721,1113,GOOD,Edge
735,1113,GOOD,Edge
749,1113,GOOD,Edge
763,1113,GOOD,Edge
777,1113,DEFECT,Edge
791,1113,GOOD,Edge
455,1127,GOOD,Edge
469,1127,GOOD,Edge
483,1127,GOOD,Edge
497,1127,GOOD,Edge
511,1127,GOOD,Edge
525,1127,GOOD,Edge
539,1127,GOOD,Edge
553,1127,GOOD,Edge
567,1127,GOOD,Edge
581,1127,GOOD,Edge
595,1127,GOOD,Edge
609,1127,GOOD,Edge
623,1127,GOOD,Edge
637,1127,GOOD,Edge
651,1127,GOOD,Edge
665,1127,GOOD,Edge
679,1127,GOOD,Edge
693,1127,GOOD,Edge
707,1127,GOOD,Edge
721,1127,GOOD,Edge
735,1127,GOOD,Edge
749,1127,GOOD,Edge
511,1141,GOOD,Edge
525,1141,GOOD,Edge
539,1141,GOOD,Edge
553,1141,GOOD,Edge
567,1141,GOOD,Edge
581,1141,GOOD,Edge
595,1141,GOOD,Edge
609,1141,GOOD,Edge
623,1141,GOOD,Edge
637,1141,GOOD,Edge
651,1141,GOOD,Edge
665,1141,GOOD,Edge
679,1141,GOOD,Edge
693,1141,GOOD,Edge
